# 3ds Max Wavefront OBJ Exporter v0.99 - (c)2007 guruware
# File Created: 01.10.2026 14:52:08

mtllib POS.mtl

#
# object Rectangle201820
#

v  2802.7734 0.0000 -491.6206
v  2672.7471 0.0000 -491.6206
v  2672.7471 2130.0000 -491.6206
v  2802.7734 2130.0000 -491.6206
v  2672.7471 0.0000 369.4476
v  2672.7471 2130.0000 369.4476
v  2672.7471 0.0000 628.1270
v  2802.7734 0.0000 628.1270
v  2802.7734 2130.0000 628.1270
v  2672.7471 2130.0000 628.1270
# 10 vertices

vn 0.5774 -0.5774 -0.5774
vn -0.5774 -0.5774 -0.5774
vn -0.5774 0.5774 -0.5774
vn 0.5774 0.5774 -0.5774
vn -0.7071 -0.7071 -0.0000
vn -0.7071 0.7071 -0.0000
vn -0.5774 -0.5774 0.5774
vn 0.5774 -0.5774 0.5774
vn 0.5774 0.5774 0.5774
vn -0.5774 0.5774 0.5774
# 10 vertex normals

o Rectangle201820
g Rectangle201820
usemtl wire_000000000
s 1
f 1//1 2//2 3//3 4//4 
s 4
f 2//2 5//5 6//6 3//3 
s 2
f 7//7 8//8 9//9 10//10 
s 4
f 8//8 1//1 4//4 9//9 
s 16
f 7//7 5//5 2//2 1//1 8//8 
f 10//10 9//9 4//4 3//3 6//6 
s 4
f 5//5 7//7 10//10 6//6 
# 7 polygons

#
# object Rectangle201821
#

v  2802.7683 0.0000 -1688.2964
v  2672.7419 0.0000 -1688.2964
v  2672.7419 2130.0000 -1688.2964
v  2802.7683 2130.0000 -1688.2964
v  2672.7471 0.0000 -1468.5348
v  2672.7471 2130.0000 -1468.5348
v  2802.7734 0.0000 -1468.5348
v  2802.7734 2130.0000 -1468.5348
# 8 vertices

vn 0.5773 -0.5773 -0.5774
vn -0.5774 -0.5774 -0.5773
vn -0.5774 0.5774 -0.5773
vn 0.5773 0.5773 -0.5774
vn -0.5773 -0.5773 0.5774
vn -0.5773 0.5773 0.5774
vn 0.5774 -0.5774 0.5773
vn 0.5774 0.5774 0.5773
# 8 vertex normals

o Rectangle201821
g Rectangle201821
usemtl wire_000000000
s 1
f 11//11 12//12 13//13 14//14 
s 4
f 12//12 15//15 16//16 13//13 
s 2
f 15//15 17//17 18//18 16//16 
s 4
f 17//17 11//11 14//14 18//18 
s 16
f 15//15 12//12 11//11 17//17 
f 16//16 18//18 14//14 13//13 
# 6 polygons

#
# object Layer_layer_004
#

v  2670.5054 2617.5354 -363.3466
v  2670.5054 2616.5337 -363.2526
v  2664.0073 2616.5337 -363.2526
v  2664.0073 2617.5354 -363.3466
v  2670.5054 2614.8794 -363.0974
v  2664.0073 2614.8794 -363.0974
v  2670.5054 2609.8560 -362.6262
v  2664.0073 2609.8560 -362.6262
v  2670.5054 2594.5073 -361.1862
v  2664.0073 2594.5073 -361.1862
v  2670.5054 2588.2893 -360.6029
v  2664.0073 2588.2893 -360.6029
v  2670.5054 2586.3101 -360.4172
v  2664.0073 2586.3101 -360.4172
v  2670.5054 2585.6621 -360.3564
v  2664.0073 2585.6621 -360.3564
v  2670.5054 2585.2979 -360.3227
v  2664.0073 2585.2979 -360.3227
v  2670.5054 2507.2813 -360.3227
v  2664.0073 2507.2813 -360.3227
v  2670.5054 2493.6575 -360.3036
v  2664.0073 2493.6575 -360.3036
v  2670.5054 2492.2285 -360.2993
v  2664.0073 2492.2285 -360.2993
v  2670.5054 2491.9634 -360.2982
v  2664.0073 2491.9634 -360.2982
v  2670.5054 2498.2166 -355.5034
v  2664.0073 2498.2166 -355.5034
v  2670.5054 2498.4949 -354.4656
v  2664.0073 2498.4949 -354.4656
v  2670.5054 2499.0728 -352.3110
v  2664.0073 2499.0728 -352.3110
v  2670.5054 2500.7886 -345.9129
v  2664.0073 2500.7886 -345.9129
v  2670.5054 2505.8716 -326.9608
v  2664.0073 2505.8716 -326.9608
v  2670.5054 2509.7068 -312.6604
v  2664.0073 2509.7068 -312.6604
v  2670.5054 2510.9807 -307.9103
v  2664.0073 2510.9807 -307.9103
v  2670.5054 2511.4094 -306.3117
v  2664.0073 2511.4094 -306.3117
v  2670.5054 2511.6157 -305.5421
v  2664.0073 2511.6157 -305.5421
v  2670.5054 2505.3538 -310.3586
v  2664.0073 2505.3538 -310.3586
v  2670.5054 2504.1809 -310.3587
v  2664.0073 2504.1809 -310.3587
v  2670.5054 2501.9150 -310.3587
v  2664.0073 2501.9150 -310.3587
v  2670.5054 2495.0129 -310.3587
v  2664.0073 2495.0129 -310.3587
v  2670.5054 2491.3154 -310.3593
v  2664.0073 2491.3154 -310.3593
v  2670.5054 2488.7212 -317.8253
v  2664.0073 2488.7212 -317.8253
v  2670.5054 2474.2549 -359.9431
v  2664.0073 2474.2549 -359.9431
v  2670.5054 2474.1238 -360.3227
v  2664.0073 2474.1238 -360.3227
v  2670.5054 2449.4185 -360.3073
v  2664.0073 2449.4185 -360.3073
v  2670.5054 2442.3962 -360.3031
v  2664.0073 2442.3962 -360.3031
v  2670.5054 2440.3586 -360.3018
v  2664.0073 2440.3586 -360.3018
v  2670.5054 2439.7659 -360.3014
v  2664.0073 2439.7659 -360.3014
v  2670.5054 2439.5266 -360.3011
v  2664.0073 2439.5266 -360.3011
v  2670.5054 2446.7292 -355.4156
v  2664.0073 2446.7292 -355.4156
v  2670.5054 2446.9119 -354.9720
v  2664.0073 2446.9119 -354.9720
v  2670.5054 2447.4045 -353.7756
v  2664.0073 2447.4045 -353.7756
v  2670.5054 2448.9351 -350.0593
v  2664.0073 2448.9351 -350.0593
v  2670.5054 2453.8938 -338.0191
v  2664.0073 2453.8938 -338.0191
v  2670.5054 2469.5750 -299.9435
v  2664.0073 2469.5750 -299.9435
v  2670.5054 2473.1406 -291.2874
v  2664.0073 2473.1406 -291.2874
v  2670.5054 2566.0925 -291.2546
v  2664.0073 2566.0925 -291.2546
v  2670.5054 2580.3657 -291.2546
v  2664.0073 2580.3657 -291.2546
v  2670.5054 2596.8953 -291.2546
v  2664.0073 2596.8953 -291.2546
v  2670.5054 2607.7278 -291.2546
v  2664.0073 2607.7278 -291.2546
v  2670.5054 2612.7261 -291.2545
v  2664.0073 2612.7261 -291.2545
v  2670.5054 2615.9470 -288.0466
v  2664.0073 2615.9470 -288.0466
v  2670.5054 2617.0176 -286.9805
v  2664.0073 2617.0176 -286.9805
v  2670.5054 2617.3699 -286.6296
v  2664.0073 2617.3699 -286.6296
v  2670.5054 2617.5354 -286.4648
v  2664.0073 2617.5354 -286.4648
v  2670.5054 2617.5354 -306.3459
v  2664.0073 2617.5354 -306.3459
v  2670.5054 2617.5354 -309.7380
v  2664.0073 2617.5354 -309.7380
v  2670.5054 2617.5352 -310.3587
v  2664.0073 2617.5352 -310.3587
v  2670.5054 2615.3662 -310.3587
v  2664.0073 2615.3662 -310.3587
v  2670.5054 2609.2112 -310.3587
v  2664.0073 2609.2112 -310.3587
v  2670.5054 2562.3909 -310.3587
v  2664.0073 2562.3909 -310.3587
v  2670.5054 2544.3335 -310.3587
v  2664.0073 2544.3335 -310.3587
v  2670.5054 2538.2708 -310.3587
v  2664.0073 2538.2708 -310.3587
v  2670.5054 2536.3586 -310.3587
v  2664.0073 2536.3586 -310.3587
v  2670.5054 2535.2874 -310.3588
v  2664.0073 2535.2874 -310.3588
v  2670.5054 2532.2603 -329.4969
v  2664.0073 2532.2603 -329.4969
v  2670.5054 2531.4351 -334.7138
v  2664.0073 2531.4351 -334.7138
v  2670.5054 2531.2231 -336.0532
v  2664.0073 2531.2231 -336.0532
v  2670.5054 2531.1550 -336.4833
v  2664.0073 2531.1550 -336.4833
v  2670.5054 2528.0029 -339.6884
v  2664.0073 2528.0029 -339.6884
v  2670.5054 2526.8657 -340.8257
v  2664.0073 2526.8657 -340.8257
v  2670.5054 2526.3442 -341.3472
v  2664.0073 2526.3442 -341.3472
v  2670.5054 2612.7261 -341.3472
v  2664.0073 2612.7261 -341.3472
v  2670.5054 2614.2217 -339.8590
v  2664.0073 2614.2217 -339.8590
v  2670.5054 2617.5354 -336.5621
v  2664.0073 2617.5354 -336.5621
v  2670.5054 2617.5354 155.0619
v  2670.5054 2617.5137 118.8531
v  2664.0073 2617.5137 118.8531
v  2664.0073 2617.5354 155.0619
v  2670.5054 2617.5022 101.3769
v  2664.0073 2617.5022 101.3769
v  2670.5054 2617.4980 95.0557
v  2664.0073 2617.4980 95.0557
v  2670.5054 2617.0820 95.0184
v  2664.0073 2617.0820 95.0184
v  2670.5054 2533.9270 87.7229
v  2664.0073 2533.9270 87.7229
v  2670.5054 2492.6921 84.1347
v  2664.0073 2492.6921 84.1347
v  2670.5054 2496.8921 89.2825
v  2664.0073 2496.8921 89.2825
v  2670.5054 2496.8611 89.5482
v  2664.0073 2496.8611 89.5482
v  2670.5054 2496.7725 90.2996
v  2664.0073 2496.7725 90.2996
v  2670.5054 2496.4387 93.1303
v  2664.0073 2496.4387 93.1303
v  2670.5054 2495.2146 103.5167
v  2664.0073 2495.2146 103.5167
v  2670.5054 2498.5483 103.7764
v  2664.0073 2498.5483 103.7764
v  2670.5054 2505.7273 104.3363
v  2664.0073 2505.7273 104.3363
v  2670.5054 2527.7856 106.0702
v  2664.0073 2527.7856 106.0702
v  2670.5054 2594.8342 111.4666
v  2664.0073 2594.8342 111.4666
v  2670.5054 2594.2554 135.3610
v  2664.0073 2594.2554 135.3610
v  2670.5054 2593.9539 135.0778
v  2664.0073 2593.9539 135.0778
v  2670.5054 2593.1753 134.3463
v  2664.0073 2593.1753 134.3463
v  2670.5054 2590.6321 131.9564
v  2664.0073 2590.6321 131.9564
v  2670.5054 2589.8857 131.2551
v  2664.0073 2589.8857 131.2551
v  2670.5054 2589.6240 131.0098
v  2664.0073 2589.6240 131.0098
v  2670.5054 2560.1062 133.3052
v  2664.0073 2560.1062 133.3052
v  2670.5054 2550.1816 134.0769
v  2664.0073 2550.1816 134.0769
v  2670.5054 2546.9434 134.3287
v  2664.0073 2546.9434 134.3287
v  2670.5054 2545.8162 134.4164
v  2664.0073 2545.8162 134.4164
v  2670.5054 2545.2583 134.4597
v  2664.0073 2545.2583 134.4597
v  2670.5054 2546.9128 112.3661
v  2664.0073 2546.9128 112.3661
v  2670.5054 2539.0862 114.1254
v  2664.0073 2539.0862 114.1254
v  2670.5054 2518.2705 118.8046
v  2664.0073 2518.2705 118.8046
v  2670.5054 2518.7832 119.2493
v  2664.0073 2518.7832 119.2493
v  2670.5054 2519.7817 120.1156
v  2664.0073 2519.7817 120.1156
v  2670.5054 2522.7581 122.6977
v  2664.0073 2522.7581 122.6977
v  2670.5054 2522.5845 124.7732
v  2664.0073 2522.5845 124.7732
v  2670.5054 2522.2393 128.8967
v  2664.0073 2522.2393 128.8967
v  2670.5054 2521.1543 140.9744
v  2664.0073 2521.1543 140.9744
v  2670.5054 2516.7617 136.5788
v  2664.0073 2516.7617 136.5788
v  2670.5054 2515.9102 136.6427
v  2664.0073 2515.9102 136.6427
v  2670.5054 2514.2488 136.7680
v  2664.0073 2514.2488 136.7680
v  2670.5054 2509.0215 137.1622
v  2664.0073 2509.0215 137.1622
v  2670.5054 2493.4136 138.3390
v  2664.0073 2493.4136 138.3390
v  2670.5054 2487.0708 138.8173
v  2664.0073 2487.0708 138.8173
v  2670.5054 2485.6768 138.9224
v  2664.0073 2485.6768 138.9224
v  2670.5054 2485.2437 138.9555
v  2664.0073 2485.2437 138.9555
v  2670.5054 2489.3105 143.4445
v  2664.0073 2489.3105 143.4445
v  2670.5054 2489.2522 143.7714
v  2664.0073 2489.2522 143.7714
v  2670.5054 2488.9204 145.6138
v  2664.0073 2488.9204 145.6138
v  2670.5054 2486.7825 157.4862
v  2664.0073 2486.7825 157.4862
v  2670.5054 2487.6343 157.4193
v  2664.0073 2487.6343 157.4193
v  2670.5054 2489.3923 157.2810
v  2664.0073 2489.3923 157.2810
v  2670.5054 2494.6289 156.8691
v  2664.0073 2494.6289 156.8691
v  2670.5054 2510.0845 155.6533
v  2664.0073 2510.0845 155.6533
v  2670.5054 2524.7903 154.4965
v  2664.0073 2524.7903 154.4965
v  2670.5054 2557.1758 151.9490
v  2664.0073 2557.1758 151.9490
v  2670.5054 2578.5381 150.2685
v  2664.0073 2578.5381 150.2685
v  2670.5054 2585.6426 149.7097
v  2664.0073 2585.6426 149.7097
v  2670.5054 2588.0310 149.5218
v  2664.0073 2588.0310 149.5218
v  2670.5054 2589.2446 149.4264
v  2664.0073 2589.2446 149.4264
v  2670.5054 2594.4263 149.5751
v  2664.0073 2594.4263 149.5751
v  2670.5054 2605.3284 149.8881
v  2664.0073 2605.3284 149.8881
v  2670.5054 2610.2952 150.0307
v  2664.0073 2610.2952 150.0307
v  2670.5054 2611.9246 150.0774
v  2664.0073 2611.9246 150.0774
v  2670.5054 2612.7261 150.1005
v  2664.0073 2612.7261 150.1005
v  2670.5054 2617.5354 284.9396
v  2670.5054 2617.5354 257.9631
v  2664.0073 2617.5354 257.9631
v  2664.0073 2617.5354 284.9396
v  2670.5054 2484.1357 257.9631
v  2664.0073 2484.1357 257.9631
v  2670.5054 2484.7222 255.7441
v  2664.0073 2484.7222 255.7441
v  2670.5054 2485.9006 251.2862
v  2664.0073 2485.9006 251.2862
v  2670.5054 2489.3801 238.1248
v  2664.0073 2489.3801 238.1248
v  2670.5054 2489.2151 237.9062
v  2664.0073 2489.2151 237.9062
v  2670.5054 2488.6216 237.1295
v  2664.0073 2488.6216 237.1295
v  2670.5054 2485.6877 233.2898
v  2664.0073 2485.6877 233.2898
v  2670.5054 2487.3206 233.2898
v  2664.0073 2487.3206 233.2898
v  2670.5054 2490.2957 233.2898
v  2664.0073 2490.2957 233.2898
v  2670.5054 2490.9900 233.2898
v  2664.0073 2490.9900 233.2898
v  2670.5054 2499.7241 233.2898
v  2664.0073 2499.7241 233.2898
v  2670.5054 2511.0386 233.2898
v  2664.0073 2511.0386 233.2898
v  2670.5054 2516.8313 233.2898
v  2664.0073 2516.8313 233.2898
v  2670.5054 2527.8284 233.2898
v  2664.0073 2527.8284 233.2898
v  2670.5054 2529.0669 233.2898
v  2664.0073 2529.0669 233.2898
v  2670.5054 2538.6121 233.2898
v  2664.0073 2538.6121 233.2898
v  2670.5054 2575.5056 233.2898
v  2664.0073 2575.5056 233.2898
v  2670.5054 2583.3357 233.2898
v  2664.0073 2583.3357 233.2898
v  2670.5054 2609.6833 233.2898
v  2664.0073 2609.6833 233.2898
v  2670.5054 2612.7256 233.2898
v  2664.0073 2612.7256 233.2898
v  2670.5054 2613.2668 233.8339
v  2664.0073 2613.2668 233.8339
v  2670.5054 2617.5273 238.0617
v  2664.0073 2617.5273 238.0617
v  2670.5054 2617.5354 214.2260
v  2664.0073 2617.5354 214.2260
v  2670.5054 2617.1833 214.2258
v  2664.0073 2617.1833 214.2258
v  2670.5054 2616.4421 214.2258
v  2664.0073 2616.4421 214.2258
v  2670.5054 2614.0854 214.2258
v  2664.0073 2614.0854 214.2258
v  2670.5054 2608.0300 214.2258
v  2664.0073 2608.0300 214.2258
v  2670.5054 2606.9226 214.2258
v  2664.0073 2606.9226 214.2258
v  2670.5054 2584.8154 214.2258
v  2664.0073 2584.8154 214.2258
v  2670.5054 2554.7727 214.2257
v  2664.0073 2554.7727 214.2257
v  2670.5054 2543.3894 214.2258
v  2664.0073 2543.3894 214.2258
v  2670.5054 2515.8203 214.2257
v  2664.0073 2515.8203 214.2257
v  2670.5054 2499.4307 214.2258
v  2664.0073 2499.4307 214.2258
v  2670.5054 2496.4438 214.2258
v  2664.0073 2496.4438 214.2258
v  2670.5054 2495.7744 214.2255
v  2664.0073 2495.7744 214.2255
v  2670.5054 2500.9434 194.3912
v  2664.0073 2500.9434 194.3912
v  2670.5054 2500.7153 194.0920
v  2664.0073 2500.7153 194.0920
v  2670.5054 2500.0227 193.1858
v  2664.0073 2500.0227 193.1858
v  2670.5054 2497.2490 189.5565
v  2664.0073 2497.2490 189.5565
v  2670.5054 2497.9216 189.5556
v  2664.0073 2497.9216 189.5556
v  2670.5054 2612.7231 189.5556
v  2664.0073 2612.7231 189.5556
v  2670.5054 2612.9504 189.7816
v  2664.0073 2612.9504 189.7816
v  2670.5054 2613.6091 190.4446
v  2664.0073 2613.6091 190.4446
v  2670.5054 2616.3665 193.2203
v  2664.0073 2616.3665 193.2203
v  2670.5054 2617.1843 194.0438
v  2664.0073 2617.1843 194.0438
v  2670.5054 2617.4656 194.3269
v  2664.0073 2617.4656 194.3269
v  2670.5054 2617.5354 170.4259
v  2664.0073 2617.5354 170.4259
v  2670.5054 2617.2854 170.4251
v  2664.0073 2617.2854 170.4251
v  2670.5054 2564.9604 170.4251
v  2664.0073 2564.9604 170.4251
v  2670.5054 2559.6333 170.4251
v  2664.0073 2559.6333 170.4251
v  2670.5054 2479.4719 170.4251
v  2664.0073 2479.4719 170.4251
v  2670.5054 2479.8276 170.9649
v  2664.0073 2479.8276 170.9649
v  2670.5054 2480.4072 171.7859
v  2664.0073 2480.4072 171.7859
v  2670.5054 2482.1074 174.1506
v  2664.0073 2482.1074 174.1506
v  2670.5054 2482.6150 174.8530
v  2664.0073 2482.6150 174.8530
v  2670.5054 2482.8696 175.2074
v  2664.0073 2482.8696 175.2074
v  2670.5054 2478.8171 186.6849
v  2664.0073 2478.8171 186.6849
v  2670.5054 2447.1599 276.3411
v  2664.0073 2447.1599 276.3411
v  2670.5054 2446.8965 277.0883
v  2664.0073 2446.8965 277.0883
v  2670.5054 2529.7607 277.0883
v  2664.0073 2529.7607 277.0883
v  2670.5054 2567.1235 277.0883
v  2664.0073 2567.1235 277.0883
v  2670.5054 2579.5105 277.0883
v  2664.0073 2579.5105 277.0883
v  2670.5054 2583.6042 277.0883
v  2664.0073 2583.6042 277.0883
v  2670.5054 2584.8357 277.0883
v  2664.0073 2584.8357 277.0883
v  2670.5054 2585.5349 277.0883
v  2664.0073 2585.5349 277.0883
v  2670.5054 2588.7485 277.3897
v  2664.0073 2588.7485 277.3897
v  2670.5054 2594.5344 277.9324
v  2664.0073 2594.5344 277.9324
v  2670.5054 2612.7261 279.6387
v  2664.0073 2612.7261 279.6387
v  2670.5054 2614.5994 281.7034
v  2664.0073 2614.5994 281.7034
v  2670.5054 2538.1338 -16.2668
v  2670.5054 2511.9719 -16.2617
v  2664.0073 2511.9719 -16.2617
v  2664.0073 2538.1338 -16.2668
v  2670.5054 2503.3823 -16.2600
v  2664.0073 2503.3823 -16.2600
v  2670.5054 2500.5581 -16.2595
v  2664.0073 2500.5581 -16.2595
v  2670.5054 2499.6616 -16.2593
v  2664.0073 2499.6616 -16.2593
v  2670.5054 2499.1938 -16.2591
v  2664.0073 2499.1938 -16.2591
v  2670.5054 2502.7478 -12.5942
v  2664.0073 2502.7478 -12.5942
v  2670.5054 2503.5730 -11.7435
v  2664.0073 2503.5730 -11.7435
v  2670.5054 2503.8286 -11.4790
v  2664.0073 2503.8286 -11.4790
v  2670.5054 2503.5833 -4.3961
v  2664.0073 2503.5833 -4.3961
v  2670.5054 2503.3359 2.7435
v  2664.0073 2503.3359 2.7435
v  2670.5054 2503.6406 2.7436
v  2664.0073 2503.6406 2.7436
v  2670.5054 2504.2788 2.7436
v  2664.0073 2504.2788 2.7436
v  2670.5054 2504.6172 2.7436
v  2664.0073 2504.6172 2.7436
v  2670.5054 2506.3125 2.7436
v  2664.0073 2506.3125 2.7436
v  2670.5054 2512.5381 2.7436
v  2664.0073 2512.5381 2.7436
v  2670.5054 2531.8823 2.7436
v  2664.0073 2531.8823 2.7436
v  2670.5054 2586.3306 2.7436
v  2664.0073 2586.3306 2.7436
v  2670.5054 2572.6997 6.0937
v  2664.0073 2572.6997 6.0937
v  2670.5054 2568.7466 7.0653
v  2664.0073 2568.7466 7.0653
v  2670.5054 2566.6912 7.5705
v  2664.0073 2566.6912 7.5705
v  2670.5054 2551.4871 15.5054
v  2664.0073 2551.4871 15.5054
v  2670.5054 2537.4573 22.8274
v  2664.0073 2537.4573 22.8274
v  2670.5054 2527.7856 27.8749
v  2664.0073 2527.7856 27.8749
v  2670.5054 2524.5027 29.5884
v  2664.0073 2524.5027 29.5884
v  2670.5054 2522.8760 30.4374
v  2664.0073 2522.8760 30.4374
v  2670.5054 2533.1650 30.4398
v  2664.0073 2533.1650 30.4398
v  2670.5054 2533.3657 30.5458
v  2664.0073 2533.3657 30.5458
v  2670.5054 2533.7686 30.7590
v  2664.0073 2533.7686 30.7590
v  2670.5054 2535.0798 31.4532
v  2664.0073 2535.0798 31.4532
v  2670.5054 2539.2710 33.6720
v  2664.0073 2539.2710 33.6720
v  2670.5054 2552.7888 40.8281
v  2664.0073 2552.7888 40.8281
v  2670.5054 2574.3386 52.2361
v  2664.0073 2574.3386 52.2361
v  2670.5054 2581.3799 55.9637
v  2664.0073 2581.3799 55.9637
v  2670.5054 2583.6938 57.1886
v  2664.0073 2583.6938 57.1886
v  2670.5054 2584.4802 57.6050
v  2664.0073 2584.4802 57.6050
v  2670.5054 2584.8733 57.8133
v  2664.0073 2584.8733 57.8133
v  2670.5054 2565.5161 53.0201
v  2664.0073 2565.5161 53.0201
v  2670.5054 2564.6890 53.0203
v  2664.0073 2564.6890 53.0203
v  2670.5054 2563.0378 53.0208
v  2664.0073 2563.0378 53.0208
v  2670.5054 2557.9480 53.0221
v  2664.0073 2557.9480 53.0221
v  2670.5054 2542.5188 53.0262
v  2664.0073 2542.5188 53.0262
v  2670.5054 2495.5623 53.0385
v  2664.0073 2495.5623 53.0385
v  2670.5054 2496.9653 54.5690
v  2664.0073 2496.9653 54.5690
v  2670.5054 2499.9399 57.8135
v  2664.0073 2499.9399 57.8135
v  2670.5054 2498.6580 71.8755
v  2664.0073 2498.6580 71.8755
v  2670.5054 2498.6318 72.1612
v  2664.0073 2498.6318 72.1612
v  2670.5054 2499.0222 72.1621
v  2664.0073 2499.0222 72.1621
v  2670.5054 2500.3376 72.1621
v  2664.0073 2500.3376 72.1621
v  2670.5054 2505.7727 72.1621
v  2664.0073 2505.7727 72.1621
v  2670.5054 2506.0737 72.1621
v  2664.0073 2506.0737 72.1621
v  2670.5054 2506.8174 72.1621
v  2664.0073 2506.8174 72.1621
v  2670.5054 2507.0718 72.1621
v  2664.0073 2507.0718 72.1621
v  2670.5054 2507.7617 72.1621
v  2664.0073 2507.7617 72.1621
v  2670.5054 2508.8728 72.1621
v  2664.0073 2508.8728 72.1621
v  2670.5054 2513.7656 72.1621
v  2664.0073 2513.7656 72.1621
v  2670.5054 2519.6794 72.1621
v  2664.0073 2519.6794 72.1621
v  2670.5054 2519.9414 72.1621
v  2664.0073 2519.9414 72.1621
v  2670.5054 2521.9436 72.1621
v  2664.0073 2521.9436 72.1621
v  2670.5054 2528.7842 72.1621
v  2664.0073 2528.7842 72.1621
v  2670.5054 2546.6028 72.1621
v  2664.0073 2546.6028 72.1621
v  2670.5054 2550.7639 72.1621
v  2664.0073 2550.7639 72.1621
v  2670.5054 2554.0901 72.1621
v  2664.0073 2554.0901 72.1621
v  2670.5054 2565.9951 72.1621
v  2664.0073 2565.9951 72.1621
v  2670.5054 2566.5430 72.1621
v  2664.0073 2566.5430 72.1621
v  2670.5054 2567.4941 72.1621
v  2664.0073 2567.4941 72.1621
v  2670.5054 2568.8650 72.1621
v  2664.0073 2568.8650 72.1621
v  2670.5054 2570.1448 72.1621
v  2664.0073 2570.1448 72.1621
v  2670.5054 2571.4219 72.1621
v  2664.0073 2571.4219 72.1621
v  2670.5054 2571.8064 72.1621
v  2664.0073 2571.8064 72.1621
v  2670.5054 2574.2520 72.1621
v  2664.0073 2574.2520 72.1621
v  2670.5054 2574.7141 72.1621
v  2664.0073 2574.7141 72.1621
v  2670.5054 2578.6130 72.1621
v  2664.0073 2578.6130 72.1621
v  2670.5054 2580.0244 72.1621
v  2664.0073 2580.0244 72.1621
v  2670.5054 2580.5735 72.1621
v  2664.0073 2580.5735 72.1621
v  2670.5054 2581.1184 72.1621
v  2664.0073 2581.1184 72.1621
v  2670.5054 2583.5037 72.1621
v  2664.0073 2583.5037 72.1621
v  2670.5054 2583.8879 72.1621
v  2664.0073 2583.8879 72.1621
v  2670.5054 2584.7942 72.1621
v  2664.0073 2584.7942 72.1621
v  2670.5054 2587.6550 72.1621
v  2664.0073 2587.6550 72.1621
v  2670.5054 2588.3218 72.1621
v  2664.0073 2588.3218 72.1621
v  2670.5054 2588.7834 72.1621
v  2664.0073 2588.7834 72.1621
v  2670.5054 2590.6680 72.1622
v  2664.0073 2590.6680 72.1622
v  2670.5054 2612.4827 74.6179
v  2664.0073 2612.4827 74.6179
v  2670.5054 2612.9734 75.1711
v  2664.0073 2612.9734 75.1711
v  2670.5054 2617.2534 79.9929
v  2664.0073 2617.2534 79.9929
v  2670.5054 2617.2673 76.9785
v  2664.0073 2617.2673 76.9785
v  2670.5054 2617.3342 70.5519
v  2664.0073 2617.3342 70.5519
v  2670.5054 2617.4316 61.1795
v  2664.0073 2617.4316 61.1795
v  2670.5054 2617.4849 56.0432
v  2664.0073 2617.4849 56.0432
v  2670.5054 2617.4900 55.5636
v  2664.0073 2617.4900 55.5636
v  2670.5054 2617.5083 53.8070
v  2664.0073 2617.5083 53.8070
v  2670.5054 2617.5139 53.2670
v  2664.0073 2617.5139 53.2670
v  2670.5054 2617.5161 53.0200
v  2664.0073 2617.5161 53.0200
v  2670.5054 2617.0715 52.7915
v  2664.0073 2617.0715 52.7915
v  2670.5054 2584.1045 35.8431
v  2664.0073 2584.1045 35.8431
v  2670.5054 2576.1196 31.7381
v  2664.0073 2576.1196 31.7381
v  2670.5054 2574.2231 30.7631
v  2664.0073 2574.2231 30.7631
v  2670.5054 2573.6648 30.4766
v  2664.0073 2573.6648 30.4766
v  2670.5054 2563.1880 30.3726
v  2664.0073 2563.1880 30.3726
v  2670.5054 2563.6230 30.1476
v  2664.0073 2563.6230 30.1476
v  2670.5054 2564.7305 29.5752
v  2664.0073 2564.7305 29.5752
v  2670.5054 2568.1367 27.8145
v  2664.0073 2568.1367 27.8145
v  2670.5054 2578.8396 22.2821
v  2664.0073 2578.8396 22.2821
v  2670.5054 2599.8064 11.4444
v  2664.0073 2599.8064 11.4444
v  2670.5054 2601.2815 10.6819
v  2664.0073 2601.2815 10.6819
v  2670.5054 2612.7256 4.7665
v  2664.0073 2612.7256 4.7665
v  2670.5054 2612.9985 4.9323
v  2664.0073 2612.9985 4.9323
v  2670.5054 2613.8599 5.4575
v  2664.0073 2613.8599 5.4575
v  2670.5054 2617.5354 7.6989
v  2664.0073 2617.5354 7.6989
v  2670.5054 2617.5354 5.0529
v  2664.0073 2617.5354 5.0529
v  2670.5054 2617.5354 -0.2664
v  2664.0073 2617.5354 -0.2664
v  2670.5054 2617.5354 -16.2776
v  2664.0073 2617.5354 -16.2776
v  2670.5054 2617.5354 -276.7748
v  2670.5054 2598.6731 -274.8434
v  2664.0073 2598.6731 -274.8434
v  2664.0073 2617.5354 -276.7748
v  2670.5054 2591.5745 -274.1165
v  2664.0073 2591.5745 -274.1165
v  2670.5054 2589.2202 -273.8754
v  2664.0073 2589.2202 -273.8754
v  2670.5054 2588.0000 -273.7505
v  2664.0073 2588.0000 -273.7505
v  2670.5054 2584.1643 -273.7501
v  2664.0073 2584.1643 -273.7501
v  2670.5054 2541.1194 -273.7461
v  2664.0073 2541.1194 -273.7461
v  2670.5054 2538.5466 -273.7459
v  2664.0073 2538.5466 -273.7459
v  2670.5054 2512.0115 -273.7435
v  2664.0073 2512.0115 -273.7435
v  2670.5054 2508.8184 -273.7431
v  2664.0073 2508.8184 -273.7431
v  2670.5054 2505.6118 -273.7429
v  2664.0073 2505.6118 -273.7429
v  2670.5054 2492.0132 -273.7416
v  2664.0073 2492.0132 -273.7416
v  2670.5054 2485.0068 -273.7409
v  2664.0073 2485.0068 -273.7409
v  2670.5054 2477.0037 -273.7402
v  2664.0073 2477.0037 -273.7402
v  2670.5054 2473.3511 -273.7399
v  2664.0073 2473.3511 -273.7399
v  2670.5054 2479.4312 -268.9366
v  2664.0073 2479.4312 -268.9366
v  2670.5054 2479.5063 -268.6215
v  2664.0073 2479.5063 -268.6215
v  2670.5054 2479.6621 -267.9680
v  2664.0073 2479.6621 -267.9680
v  2670.5054 2480.1497 -265.9240
v  2664.0073 2480.1497 -265.9240
v  2670.5054 2481.7102 -259.3793
v  2664.0073 2481.7102 -259.3793
v  2670.5054 2482.6030 -255.6345
v  2664.0073 2482.6030 -255.6345
v  2670.5054 2482.8176 -254.7356
v  2664.0073 2482.8176 -254.7356
v  2670.5054 2534.2356 -254.6492
v  2664.0073 2534.2356 -254.6492
v  2670.5054 2539.4785 -254.6492
v  2664.0073 2539.4785 -254.6492
v  2670.5054 2553.2368 -254.6492
v  2664.0073 2553.2368 -254.6492
v  2670.5054 2561.8042 -254.6491
v  2664.0073 2561.8042 -254.6491
v  2670.5054 2563.5352 -254.6492
v  2664.0073 2563.5352 -254.6492
v  2670.5054 2566.2813 -254.6492
v  2664.0073 2566.2813 -254.6492
v  2670.5054 2584.3777 -254.6492
v  2664.0073 2584.3777 -254.6492
v  2670.5054 2590.7971 -254.6492
v  2664.0073 2590.7971 -254.6492
v  2670.5054 2592.6150 -254.6492
v  2664.0073 2592.6150 -254.6492
v  2670.5054 2593.2524 -254.6490
v  2664.0073 2593.2524 -254.6490
v  2670.5054 2594.0522 -229.8836
v  2664.0073 2594.0522 -229.8836
v  2670.5054 2594.2744 -221.9610
v  2664.0073 2594.2744 -221.9610
v  2670.5054 2594.3481 -219.3372
v  2664.0073 2594.3481 -219.3372
v  2670.5054 2594.3872 -217.9457
v  2664.0073 2594.3872 -217.9457
v  2670.5054 2589.5864 -222.7565
v  2664.0073 2589.5864 -222.7565
v  2670.5054 2589.0898 -222.7565
v  2664.0073 2589.0898 -222.7565
v  2670.5054 2588.0374 -222.7565
v  2664.0073 2588.0374 -222.7565
v  2670.5054 2584.9497 -222.7565
v  2664.0073 2584.9497 -222.7565
v  2670.5054 2581.2385 -222.7566
v  2664.0073 2581.2385 -222.7566
v  2670.5054 2575.2546 -222.7565
v  2664.0073 2575.2546 -222.7565
v  2670.5054 2550.6001 -222.7565
v  2664.0073 2550.6001 -222.7565
v  2670.5054 2545.2505 -222.8198
v  2664.0073 2545.2505 -222.8198
v  2670.5054 2542.8315 -249.8487
v  2664.0073 2542.8315 -249.8487
v  2670.5054 2542.3123 -249.7186
v  2664.0073 2542.3123 -249.7186
v  2670.5054 2541.2581 -249.4543
v  2664.0073 2541.2581 -249.4543
v  2670.5054 2538.0823 -248.6580
v  2664.0073 2538.0823 -248.6580
v  2670.5054 2528.6604 -246.2955
v  2664.0073 2528.6604 -246.2955
v  2670.5054 2519.6704 -244.0414
v  2664.0073 2519.6704 -244.0414
v  2670.5054 2516.7273 -243.3034
v  2664.0073 2516.7273 -243.3034
v  2670.5054 2515.7485 -243.0580
v  2664.0073 2515.7485 -243.0580
v  2670.5054 2515.2954 -242.9442
v  2664.0073 2515.2954 -242.9442
v  2670.5054 2520.4385 -239.2812
v  2664.0073 2520.4385 -239.2812
v  2670.5054 2520.5532 -237.9759
v  2664.0073 2520.5532 -237.9759
v  2670.5054 2520.7893 -235.2908
v  2664.0073 2520.7893 -235.2908
v  2670.5054 2521.4812 -227.4217
v  2664.0073 2521.4812 -227.4217
v  2670.5054 2523.5591 -203.7889
v  2664.0073 2523.5591 -203.7889
v  2670.5054 2524.5962 -203.7889
v  2664.0073 2524.5962 -203.7889
v  2670.5054 2526.7400 -203.7889
v  2664.0073 2526.7400 -203.7889
v  2670.5054 2533.3484 -203.7889
v  2664.0073 2533.3484 -203.7889
v  2670.5054 2553.0647 -203.7889
v  2664.0073 2553.0647 -203.7889
v  2670.5054 2612.7261 -203.7889
v  2664.0073 2612.7261 -203.7889
v  2670.5054 2613.2209 -203.2952
v  2664.0073 2613.2209 -203.2952
v  2670.5054 2613.8743 -202.6434
v  2664.0073 2613.8743 -202.6434
v  2670.5054 2614.2346 -202.2840
v  2664.0073 2614.2346 -202.2840
v  2670.5054 2617.5354 -198.9910
v  2664.0073 2617.5354 -198.9910
v  2670.5054 2617.5354 -273.7505
v  2664.0073 2617.5354 -273.7505
v  2670.5054 2617.5354 -187.7492
v  2670.5054 2614.3425 -187.6568
v  2664.0073 2614.3425 -187.6568
v  2664.0073 2617.5354 -187.7492
v  2670.5054 2607.9709 -187.4725
v  2664.0073 2607.9709 -187.4725
v  2670.5054 2590.6226 -186.9706
v  2664.0073 2590.6226 -186.9706
v  2670.5054 2586.4192 -187.3203
v  2664.0073 2586.4192 -187.3203
v  2670.5054 2577.9568 -188.0246
v  2664.0073 2577.9568 -188.0246
v  2670.5054 2553.3411 -190.0730
v  2664.0073 2553.3411 -190.0730
v  2670.5054 2540.8235 -191.1147
v  2664.0073 2540.8235 -191.1147
v  2670.5054 2532.4775 -191.8092
v  2664.0073 2532.4775 -191.8092
v  2670.5054 2510.0098 -193.6790
v  2664.0073 2510.0098 -193.6790
v  2670.5054 2499.9238 -194.5183
v  2664.0073 2499.9238 -194.5183
v  2670.5054 2488.6555 -195.4560
v  2664.0073 2488.6555 -195.4560
v  2670.5054 2488.8308 -195.2883
v  2664.0073 2488.8308 -195.2883
v  2670.5054 2489.1978 -194.9378
v  2664.0073 2489.1978 -194.9378
v  2670.5054 2490.3909 -193.7978
v  2664.0073 2490.3909 -193.7978
v  2670.5054 2493.9822 -190.3666
v  2664.0073 2493.9822 -190.3666
v  2670.5054 2494.1809 -190.1767
v  2664.0073 2494.1809 -190.1767
v  2670.5054 2494.2339 -189.7712
v  2664.0073 2494.2339 -189.7712
v  2670.5054 2496.0010 -176.1087
v  2664.0073 2496.0010 -176.1087
v  2670.5054 2530.4446 -173.4039
v  2664.0073 2530.4446 -173.4039
v  2670.5054 2570.0015 -170.2780
v  2664.0073 2570.0015 -170.2780
v  2670.5054 2578.3167 -169.6051
v  2664.0073 2578.3167 -169.6051
v  2670.5054 2581.0820 -169.3732
v  2664.0073 2581.0820 -169.3732
v  2670.5054 2581.9900 -169.2923
v  2664.0073 2581.9900 -169.2923
v  2670.5054 2582.4116 -169.2469
v  2664.0073 2582.4116 -169.2469
v  2670.5054 2595.7881 -168.1129
v  2664.0073 2595.7881 -168.1129
v  2670.5054 2595.7957 -167.7015
v  2664.0073 2595.7957 -167.7015
v  2670.5054 2595.8198 -166.3765
v  2664.0073 2595.8198 -166.3765
v  2670.5054 2595.9128 -161.2904
v  2664.0073 2595.9128 -161.2904
v  2670.5054 2596.1216 -149.8672
v  2664.0073 2596.1216 -149.8672
v  2670.5054 2596.1914 -146.0459
v  2664.0073 2596.1914 -146.0459
v  2670.5054 2596.2146 -144.7753
v  2664.0073 2596.2146 -144.7753
v  2670.5054 2596.2256 -144.1733
v  2664.0073 2596.2256 -144.1733
v  2670.5054 2591.3447 -148.5775
v  2664.0073 2591.3447 -148.5775
v  2670.5054 2590.9966 -148.5478
v  2664.0073 2590.9966 -148.5478
v  2670.5054 2590.2595 -148.4848
v  2664.0073 2590.2595 -148.4848
v  2670.5054 2587.9172 -148.2847
v  2664.0073 2587.9172 -148.2847
v  2670.5054 2580.6069 -147.6601
v  2664.0073 2580.6069 -147.6601
v  2670.5054 2557.7336 -145.7057
v  2664.0073 2557.7336 -145.7057
v  2670.5054 2550.0684 -145.0510
v  2664.0073 2550.0684 -145.0510
v  2670.5054 2548.7773 -167.0846
v  2664.0073 2548.7773 -167.0846
v  2670.5054 2538.5493 -165.0007
v  2664.0073 2538.5493 -165.0007
v  2670.5054 2537.2295 -164.7254
v  2664.0073 2537.2295 -164.7254
v  2670.5054 2531.1121 -163.4496
v  2664.0073 2531.1121 -163.4496
v  2670.5054 2525.4514 -162.2691
v  2664.0073 2525.4514 -162.2691
v  2670.5054 2523.6028 -161.8836
v  2664.0073 2523.6028 -161.8836
v  2670.5054 2523.0029 -161.7585
v  2664.0073 2523.0029 -161.7585
v  2670.5054 2522.7131 -161.6980
v  2664.0073 2522.7131 -161.6980
v  2670.5054 2527.0061 -158.3963
v  2664.0073 2527.0061 -158.3963
v  2670.5054 2527.7305 -157.8367
v  2664.0073 2527.7305 -157.8367
v  2670.5054 2528.4314 -144.9443
v  2664.0073 2528.4314 -144.9443
v  2670.5054 2528.6619 -140.7037
v  2664.0073 2528.6619 -140.7037
v  2670.5054 2528.7388 -139.2885
v  2664.0073 2528.7388 -139.2885
v  2670.5054 2528.7771 -138.5852
v  2664.0073 2528.7771 -138.5852
v  2670.5054 2525.4233 -141.5139
v  2664.0073 2525.4233 -141.5139
v  2670.5054 2524.2993 -142.4955
v  2664.0073 2524.2993 -142.4955
v  2670.5054 2523.7300 -142.9925
v  2664.0073 2523.7300 -142.9925
v  2670.5054 2503.5896 -141.3255
v  2664.0073 2503.5896 -141.3255
v  2670.5054 2497.9246 -140.8566
v  2664.0073 2497.9246 -140.8566
v  2670.5054 2494.9280 -140.6086
v  2664.0073 2494.9280 -140.6086
v  2670.5054 2498.6707 -137.4108
v  2664.0073 2498.6707 -137.4108
v  2670.5054 2499.6643 -136.5619
v  2664.0073 2499.6643 -136.5619
v  2670.5054 2500.0144 -136.2620
v  2664.0073 2500.0144 -136.2620
v  2670.5054 2500.7793 -126.6722
v  2664.0073 2500.7793 -126.6722
v  2670.5054 2501.0168 -123.4800
v  2664.0073 2501.0168 -123.4800
v  2670.5054 2501.1365 -121.8762
v  2664.0073 2501.1365 -121.8762
v  2670.5054 2576.7656 -128.6905
v  2664.0073 2576.7656 -128.6905
v  2670.5054 2600.7830 -130.8544
v  2664.0073 2600.7830 -130.8544
v  2670.5054 2612.7261 -131.9305
v  2664.0073 2612.7261 -131.9305
v  2670.5054 2614.6829 -130.1457
v  2664.0073 2614.6829 -130.1457
v  2670.5054 2617.5354 -127.5437
v  2664.0073 2617.5354 -127.5437
v  2670.5054 2504.1367 -48.1297
v  2670.5054 2504.1548 -38.5601
v  2664.0073 2504.1548 -38.5601
v  2664.0073 2504.1367 -48.1297
v  2670.5054 2504.1606 -35.3638
v  2664.0073 2504.1606 -35.3638
v  2670.5054 2504.1628 -34.3064
v  2664.0073 2504.1628 -34.3064
v  2670.5054 2504.1638 -33.7759
v  2664.0073 2504.1638 -33.7759
v  2670.5054 2576.3215 -33.7774
v  2664.0073 2576.3215 -33.7774
v  2670.5054 2600.4849 -33.7780
v  2664.0073 2600.4849 -33.7780
v  2670.5054 2608.6230 -33.7781
v  2664.0073 2608.6230 -33.7781
v  2670.5054 2612.6841 -33.7782
v  2664.0073 2612.6841 -33.7782
v  2670.5054 2614.8792 -31.5906
v  2664.0073 2614.8792 -31.5906
v  2670.5054 2615.8538 -30.6191
v  2664.0073 2615.8538 -30.6191
v  2670.5054 2616.9360 -29.5405
v  2664.0073 2616.9360 -29.5405
v  2670.5054 2617.4851 -28.9936
v  2664.0073 2617.4851 -28.9936
v  2670.5054 2617.4907 -36.0080
v  2664.0073 2617.4907 -36.0080
v  2670.5054 2617.5010 -48.6612
v  2664.0073 2617.5010 -48.6612
v  2670.5054 2617.5105 -60.0961
v  2664.0073 2617.5105 -60.0961
v  2670.5054 2617.5120 -62.1151
v  2664.0073 2617.5120 -62.1151
v  2670.5054 2617.5178 -69.2146
v  2664.0073 2617.5178 -69.2146
v  2670.5054 2617.5225 -74.7471
v  2664.0073 2617.5225 -74.7471
v  2670.5054 2617.5234 -75.9484
v  2664.0073 2617.5234 -75.9484
v  2670.5054 2617.5242 -76.9039
v  2664.0073 2617.5242 -76.9039
v  2670.5054 2617.5354 -93.7866
v  2664.0073 2617.5354 -93.7866
v  2670.5054 2616.8154 -93.7740
v  2664.0073 2616.8154 -93.7740
v  2670.5054 2615.3901 -93.7492
v  2664.0073 2615.3901 -93.7492
v  2670.5054 2611.1003 -93.6743
v  2664.0073 2611.1003 -93.6743
v  2670.5054 2598.2053 -93.4491
v  2664.0073 2598.2053 -93.4491
v  2670.5054 2594.3591 -93.3820
v  2664.0073 2594.3591 -93.3820
v  2670.5054 2593.1174 -93.3603
v  2664.0073 2593.1174 -93.3603
v  2670.5054 2592.4998 -93.3496
v  2664.0073 2592.4998 -93.3496
v  2670.5054 2546.1350 -98.1384
v  2664.0073 2546.1350 -98.1384
v  2670.5054 2523.5288 -100.4912
v  2664.0073 2523.5288 -100.4912
v  2670.5054 2523.1016 -108.2199
v  2664.0073 2523.1016 -108.2199
v  2670.5054 2497.5776 -105.9668
v  2664.0073 2497.5776 -105.9668
v  2670.5054 2497.8462 -105.7319
v  2664.0073 2497.8462 -105.7319
v  2670.5054 2498.6685 -105.0125
v  2664.0073 2498.6685 -105.0125
v  2670.5054 2501.2815 -102.7271
v  2664.0073 2501.2815 -102.7271
v  2670.5054 2502.1213 -101.9924
v  2664.0073 2502.1213 -101.9924
v  2670.5054 2502.5117 -101.6505
v  2664.0073 2502.5117 -101.6505
v  2670.5054 2503.2371 -84.9282
v  2664.0073 2503.2371 -84.9282
v  2670.5054 2504.3936 -84.7946
v  2664.0073 2504.3936 -84.7946
v  2670.5054 2506.7603 -84.5212
v  2664.0073 2506.7603 -84.5212
v  2670.5054 2508.4944 -84.3210
v  2664.0073 2508.4944 -84.3210
v  2670.5054 2513.8203 -83.7059
v  2664.0073 2513.8203 -83.7059
v  2670.5054 2534.7654 -81.2869
v  2664.0073 2534.7654 -81.2869
v  2670.5054 2597.3823 -73.9643
v  2664.0073 2597.3823 -73.9643
v  2670.5054 2597.3848 -73.4548
v  2664.0073 2597.3848 -73.4548
v  2670.5054 2597.3916 -71.9514
v  2664.0073 2597.3916 -71.9514
v  2670.5054 2597.4160 -66.6190
v  2664.0073 2597.4160 -66.6190
v  2670.5054 2597.4250 -64.6178
v  2664.0073 2597.4250 -64.6178
v  2670.5054 2597.4631 -56.2972
v  2664.0073 2597.4631 -56.2972
v  2670.5054 2597.5005 -48.1297
v  2664.0073 2597.5005 -48.1297
v  2670.5054 2595.8499 -49.7783
v  2664.0073 2595.8499 -49.7783
v  2670.5054 2592.6755 -52.9491
v  2664.0073 2592.6755 -52.9491
v  2670.5054 2499.3198 -52.9491
v  2664.0073 2499.3198 -52.9491
# 1022 vertices

vn 0.5726 0.5520 -0.6061
vn -0.7072 -0.0660 -0.7039
vn 0.7072 -0.0660 -0.7039
vn -0.5726 0.5520 -0.6061
vn 0.7071 -0.0660 -0.7040
vn -0.7071 -0.0660 -0.7040
vn 0.7071 -0.0661 -0.7040
vn -0.7071 -0.0661 -0.7040
vn 0.7073 -0.0656 -0.7039
vn -0.7073 -0.0656 -0.7039
vn -0.6969 -0.0331 -0.7164
vn 0.6969 -0.0331 -0.7164
vn 0.7069 -0.0005 -0.7073
vn -0.7069 -0.0005 -0.7073
vn 0.7069 -0.0016 -0.7073
vn -0.7069 -0.0016 -0.7073
vn 0.7070 -0.0025 -0.7072
vn -0.7070 -0.0025 -0.7072
vn 0.5440 -0.7952 -0.2677
vn -0.5440 -0.7952 -0.2677
vn -0.6414 -0.6377 0.4264
vn 0.6414 -0.6377 0.4264
vn 0.7072 -0.6829 0.1832
vn -0.7072 -0.6829 0.1832
vn 0.7071 -0.6829 0.1832
vn -0.7071 -0.6829 0.1832
vn 0.7071 -0.6830 0.1832
vn -0.7071 -0.6830 0.1832
vn 0.7071 -0.6830 0.1831
vn -0.7071 -0.6830 0.1831
vn 0.9843 -0.0978 -0.1466
vn -0.9843 -0.0978 -0.1466
vn 0.6413 0.2471 -0.7264
vn -0.6413 0.2471 -0.7264
vn 0.7071 0.0000 -0.7071
vn -0.7071 0.0000 -0.7071
vn 0.7071 -0.0000 -0.7071
vn -0.7071 -0.0000 -0.7071
vn -0.7071 0.0001 -0.7071
vn 0.7071 0.0001 -0.7071
vn 0.8632 0.2926 -0.4114
vn -0.8632 0.2926 -0.4114
vn 0.7075 0.6679 -0.2307
vn -0.7075 0.6679 -0.2307
vn 0.7069 0.6687 -0.2304
vn -0.7069 0.6687 -0.2304
vn 0.5968 0.4654 -0.6536
vn -0.5968 0.4654 -0.6536
vn 0.7071 -0.0004 -0.7071
vn -0.7071 -0.0004 -0.7071
vn 0.7071 -0.0005 -0.7071
vn -0.7071 -0.0005 -0.7071
vn 0.7071 -0.0006 -0.7071
vn -0.7071 -0.0006 -0.7071
vn 0.5427 -0.8030 -0.2462
vn -0.5427 -0.8030 -0.2462
vn 0.7780 -0.4874 0.3964
vn -0.7780 -0.4874 0.3964
vn 0.7072 -0.6538 0.2693
vn -0.7072 -0.6538 0.2693
vn -0.7071 -0.6538 0.2693
vn 0.7071 -0.6538 0.2693
vn 0.6008 -0.4449 0.6642
vn -0.6008 -0.4449 0.6642
vn 0.7071 -0.0001 0.7071
vn -0.7071 -0.0001 0.7071
vn -0.7071 0.0000 0.7071
vn 0.7071 0.0000 0.7071
vn 0.7071 -0.0000 0.7071
vn -0.7071 -0.0000 0.7071
vn 0.8039 -0.2270 0.5497
vn -0.8039 -0.2270 0.5497
vn 0.7071 -0.4990 0.5010
vn -0.7071 -0.4990 0.5010
vn 0.7070 -0.4989 0.5012
vn -0.7070 -0.4989 0.5012
vn 0.5470 0.3213 0.7730
vn -0.5470 0.3213 0.7730
vn 0.7071 0.7071 0.0000
vn -0.7071 0.7071 -0.0000
vn 0.7070 0.7072 -0.0002
vn -0.7070 0.7072 -0.0002
vn 0.5774 0.5772 -0.5775
vn -0.5774 0.5772 -0.5775
vn 0.8856 0.3016 -0.3531
vn -0.8856 0.3016 -0.3531
vn 0.7071 0.6984 -0.1105
vn -0.7071 0.6984 -0.1105
vn 0.7071 0.6984 -0.1106
vn -0.7071 0.6984 -0.1106
vn 0.6445 0.6827 -0.3444
vn -0.6445 0.6827 -0.3444
vn 0.7062 0.5028 -0.4986
vn -0.7062 0.5028 -0.4986
vn -0.7071 0.5000 -0.5000
vn 0.7071 0.5000 -0.5000
vn 0.9769 0.1974 0.0818
vn -0.9769 0.1974 0.0818
vn 0.8039 -0.2269 0.5498
vn -0.8039 -0.2269 0.5498
vn 0.7071 -0.4987 0.5013
vn -0.7071 -0.4987 0.5013
vn 0.5466 0.3149 0.7760
vn 0.7071 0.7071 -0.0004
vn -0.7071 0.7071 -0.0004
vn -0.5466 0.3149 0.7760
vn 0.7072 0.7070 -0.0005
vn -0.7072 0.7070 -0.0005
vn 0.5823 0.5998 -0.5488
vn -0.5823 0.5998 -0.5488
vn 0.7070 0.0625 -0.7045
vn -0.7070 0.0625 -0.7045
vn 0.7071 0.0616 -0.7045
vn -0.7071 0.0616 -0.7045
vn 0.5473 -0.7398 -0.3914
vn -0.5473 -0.7398 -0.3914
vn -0.6290 -0.7462 0.2179
vn 0.6290 -0.7462 0.2179
vn 0.7073 -0.7022 -0.0823
vn -0.7073 -0.7022 -0.0823
vn 0.7071 -0.7022 -0.0828
vn -0.7071 -0.7022 -0.0828
vn 0.5753 -0.6319 0.5193
vn -0.5753 -0.6319 0.5193
vn 0.7072 -0.0549 0.7049
vn -0.7072 -0.0549 0.7049
vn -0.7071 -0.0552 0.7050
vn 0.7071 -0.0552 0.7050
vn 0.7073 -0.0561 0.7047
vn -0.7073 -0.0561 0.7047
vn 0.8979 -0.3271 0.2946
vn -0.8979 -0.3271 0.2946
vn 0.9733 -0.0886 -0.2116
vn -0.9733 -0.0886 -0.2116
vn 0.7072 0.4840 -0.5153
vn -0.7072 0.4840 -0.5153
vn 0.7071 0.4842 -0.5153
vn -0.7071 0.4842 -0.5153
vn 0.7070 0.4840 -0.5156
vn -0.7070 0.4840 -0.5156
vn 0.6265 0.2583 -0.7353
vn -0.6265 0.2583 -0.7353
vn 0.7071 -0.0548 -0.7050
vn -0.7071 -0.0548 -0.7050
vn 0.7071 -0.0548 -0.7049
vn -0.7071 -0.0548 -0.7049
vn 0.9218 0.2738 -0.2745
vn -0.9218 0.2738 -0.2745
vn 0.5634 0.5400 -0.6253
vn -0.5634 0.5400 -0.6253
vn 0.7071 -0.1551 -0.6899
vn -0.7071 -0.1551 -0.6899
vn 0.5511 -0.8092 -0.2038
vn -0.5511 -0.8092 -0.2038
vn 0.7071 -0.4634 0.5341
vn -0.7071 -0.4634 0.5341
vn 0.8245 -0.5242 0.2132
vn -0.8245 -0.5242 0.2132
vn -0.7071 -0.7046 -0.0590
vn 0.7071 -0.7046 -0.0590
vn 0.7078 -0.7038 -0.0611
vn -0.7078 -0.7038 -0.0611
vn 0.9710 -0.0814 -0.2246
vn -0.9710 -0.0814 -0.2246
vn 0.6242 0.2718 -0.7325
vn -0.6242 0.2718 -0.7325
vn 0.7071 -0.0531 -0.7051
vn -0.7071 -0.0531 -0.7051
vn -0.7072 -0.0532 -0.7050
vn 0.7072 -0.0532 -0.7050
vn 0.7071 -0.0532 -0.7051
vn -0.7071 -0.0532 -0.7051
vn 0.7070 -0.0536 -0.7052
vn -0.7070 -0.0536 -0.7052
vn 0.5504 -0.7756 -0.3090
vn -0.5504 -0.7756 -0.3090
vn 0.8209 -0.5488 0.1576
vn -0.8209 -0.5488 0.1576
vn -0.7070 -0.6961 -0.1248
vn 0.7070 -0.6961 -0.1248
vn 0.7071 -0.6959 -0.1253
vn -0.7071 -0.6959 -0.1253
vn 0.5651 -0.6118 0.5535
vn -0.5651 -0.6118 0.5535
vn 0.7071 0.0554 0.7049
vn -0.7071 0.0554 0.7049
vn 0.7071 0.0555 0.7049
vn -0.7071 0.0555 0.7049
vn 0.7194 0.0173 0.6944
vn -0.7194 0.0173 0.6944
vn 0.7071 -0.0203 0.7068
vn -0.7071 -0.0203 0.7068
vn -0.6314 -0.3125 0.7097
vn 0.6314 -0.3125 0.7097
vn 0.5457 0.3018 0.7817
vn 0.5774 0.5774 -0.5774
vn -0.5774 0.5774 -0.5774
vn -0.5457 0.3018 0.7817
vn 0.9330 0.2851 -0.2195
vn -0.9330 0.2851 -0.2195
vn 0.7071 0.6836 0.1807
vn -0.7071 0.6836 0.1807
vn 0.6207 0.7694 -0.1511
vn -0.6207 0.7694 -0.1511
vn 0.7064 0.5637 -0.4280
vn -0.7064 0.5637 -0.4280
vn 0.7071 0.5618 -0.4293
vn -0.7071 0.5618 -0.4293
vn 0.9679 0.2251 0.1114
vn -0.9679 0.2251 0.1114
vn 0.8045 -0.2280 0.5484
vn -0.8045 -0.2280 0.5484
vn 0.7064 -0.5001 0.5008
vn -0.7064 -0.5001 0.5008
vn 0.5471 0.3219 0.7727
vn -0.5471 0.3219 0.7727
vn 0.5774 0.5777 -0.5769
vn -0.5774 0.5777 -0.5769
vn 0.7071 0.0003 -0.7072
vn -0.7071 0.0003 -0.7072
vn 0.9327 0.2855 -0.2206
vn -0.9327 0.2855 -0.2206
vn 0.6206 0.7688 -0.1546
vn -0.6206 0.7688 -0.1546
vn 0.7070 0.5621 -0.4292
vn -0.7070 0.5621 -0.4292
vn 0.7071 0.5618 -0.4294
vn -0.7071 0.5618 -0.4294
vn 0.9678 0.2256 0.1113
vn -0.9678 0.2256 0.1113
vn 0.7073 0.0005 0.7070
vn -0.7073 0.0005 0.7070
vn 0.8038 -0.2268 0.5500
vn -0.8038 -0.2268 0.5500
vn 0.7079 -0.4995 0.4994
vn -0.7079 -0.4995 0.4994
vn -0.7071 -0.5016 0.4983
vn 0.7071 -0.5016 0.4983
vn 0.7071 -0.5016 0.4984
vn -0.7071 -0.5016 0.4984
vn 0.5470 0.3178 0.7745
vn -0.5470 0.3178 0.7745
vn 0.5774 0.5791 -0.5756
vn -0.5774 0.5791 -0.5756
vn 0.7067 0.0012 -0.7075
vn -0.7067 0.0012 -0.7075
vn 0.5527 -0.7337 -0.3952
vn -0.5527 -0.7337 -0.3952
vn 0.7035 -0.5871 0.4005
vn -0.7035 -0.5871 0.4005
vn 0.7062 -0.5767 0.4109
vn -0.7062 -0.5767 0.4109
vn 0.7068 -0.5738 0.4136
vn -0.7068 -0.5738 0.4136
vn 0.7074 -0.5734 0.4132
vn -0.7074 -0.5734 0.4132
vn 0.8275 -0.5558 0.0794
vn -0.8275 -0.5558 0.0794
vn 0.7071 -0.6668 -0.2354
vn -0.7071 -0.6668 -0.2354
vn 0.7071 -0.6669 -0.2353
vn -0.7071 -0.6669 -0.2353
vn 0.5616 -0.6754 0.4780
vn -0.5616 -0.6754 0.4780
vn 0.7178 -0.0326 0.6955
vn -0.7178 -0.0326 0.6955
vn 0.7071 -0.0660 0.7040
vn -0.7071 -0.0660 0.7040
vn 0.7983 -0.2694 0.5387
vn -0.7983 -0.2694 0.5387
vn 0.7071 -0.5237 0.4751
vn -0.7071 -0.5237 0.4751
vn 0.7071 -0.0001 -0.7071
vn -0.7071 -0.0001 -0.7071
vn 0.7071 -0.0002 -0.7071
vn -0.7071 -0.0002 -0.7071
vn 0.5473 -0.7708 -0.3260
vn -0.5473 -0.7708 -0.3260
vn 0.7071 -0.5076 0.4923
vn -0.7071 -0.5076 0.4923
vn -0.7070 -0.5080 0.4920
vn 0.7070 -0.5080 0.4920
vn 0.8066 -0.5518 0.2122
vn -0.8066 -0.5518 0.2122
vn 0.7071 -0.7067 -0.0245
vn -0.7071 -0.7067 -0.0245
vn 0.5756 -0.5882 0.5681
vn -0.5756 -0.5882 0.5681
vn -0.5380 -0.8367 0.1021
vn 0.5380 -0.8367 0.1021
vn -0.7071 -0.1688 -0.6866
vn 0.7071 -0.1688 -0.6866
vn 0.7071 -0.1688 -0.6867
vn -0.7071 -0.1688 -0.6867
vn 0.6811 -0.2586 -0.6850
vn -0.6811 -0.2586 -0.6850
vn 0.7071 -0.3272 -0.6269
vn -0.7071 -0.3272 -0.6269
vn 0.5407 -0.8170 0.2003
vn -0.5407 -0.8170 0.2003
vn -0.6568 -0.1816 0.7319
vn 0.6568 -0.1816 0.7319
vn 0.7072 -0.3305 0.6250
vn -0.7072 -0.3305 0.6250
vn 0.7071 -0.3308 0.6249
vn -0.7071 -0.3308 0.6249
vn 0.7072 -0.3308 0.6249
vn -0.7072 -0.3308 0.6249
vn 0.7072 -0.3309 0.6248
vn -0.7072 -0.3309 0.6248
vn 0.9980 -0.0592 -0.0226
vn -0.9980 -0.0592 -0.0226
vn 0.6808 0.0886 -0.7271
vn -0.6808 0.0886 -0.7271
vn 0.7072 -0.0002 -0.7070
vn -0.7072 -0.0002 -0.7070
vn 0.5481 -0.7658 -0.3365
vn -0.5481 -0.7658 -0.3365
vn 0.7071 -0.5212 0.4778
vn -0.7071 -0.5212 0.4778
vn 0.8105 -0.5550 0.1873
vn -0.8105 -0.5550 0.1873
vn 0.7071 -0.7042 -0.0642
vn -0.7071 -0.7042 -0.0642
vn 0.5728 -0.6060 0.5519
vn -0.5728 -0.6060 0.5519
vn 0.7068 -0.0008 0.7074
vn -0.7068 -0.0008 0.7074
vn 0.7200 -0.0389 0.6929
vn -0.7200 -0.0389 0.6929
vn -0.6347 -0.3559 0.6859
vn 0.6347 -0.3559 0.6859
vn 0.7071 -0.5289 0.4694
vn -0.7071 -0.5289 0.4694
vn 0.5456 0.2958 0.7841
vn -0.5456 0.2958 0.7841
vn -0.7065 0.7077 0.0053
vn 0.7065 0.7077 0.0053
vn 0.7071 0.7070 0.0074
vn -0.7071 0.7070 0.0074
vn -0.7071 0.7071 0.0074
vn 0.7071 0.7071 0.0074
vn 0.7071 0.7071 0.0073
vn -0.7071 0.7071 0.0073
vn 0.7070 0.7072 0.0071
vn -0.7070 0.7072 0.0071
vn 0.6058 0.6811 -0.4112
vn -0.6058 0.6811 -0.4112
vn 0.7071 0.3233 -0.6289
vn -0.7071 0.3233 -0.6289
vn 0.7070 0.3231 -0.6291
vn -0.7070 0.3231 -0.6291
vn 0.6588 0.1803 -0.7304
vn -0.6588 0.1803 -0.7304
vn -0.5408 0.8183 -0.1947
vn 0.5408 0.8183 -0.1947
vn 0.7071 0.3247 0.6281
vn -0.7071 0.3247 0.6281
vn 0.7071 0.3247 0.6282
vn -0.7071 0.3247 0.6282
vn 0.8354 -0.0189 0.5493
vn -0.8354 -0.0189 0.5493
vn -0.7069 -0.3677 0.6042
vn 0.7069 -0.3677 0.6042
vn 0.7071 -0.3681 0.6037
vn -0.7071 -0.3681 0.6037
vn 0.5539 0.4076 0.7260
vn -0.5539 0.4076 0.7260
vn -0.7071 0.7071 0.0000
vn 0.5774 0.5773 -0.5774
vn -0.5774 0.5773 -0.5774
vn 0.5722 0.5496 -0.6087
vn 0.7071 -0.0720 -0.7034
vn -0.7071 -0.0720 -0.7034
vn -0.5722 0.5496 -0.6087
vn 0.7188 -0.0355 -0.6944
vn -0.7188 -0.0355 -0.6944
vn 0.5442 -0.7924 -0.2755
vn -0.5442 -0.7924 -0.2755
vn 0.7889 -0.5180 0.3308
vn -0.7889 -0.5180 0.3308
vn 0.7071 -0.6878 0.1641
vn -0.7071 -0.6878 0.1641
vn 0.7071 -0.6878 0.1640
vn -0.7071 -0.6878 0.1640
vn 0.5908 -0.5004 0.6328
vn -0.5908 -0.5004 0.6328
vn 0.7070 -0.0006 0.7073
vn -0.7070 -0.0006 0.7073
vn 0.9007 -0.3022 0.3121
vn -0.9007 -0.3022 0.3121
vn -0.7066 -0.7073 0.0213
vn 0.7066 -0.7073 0.0213
vn 0.7071 -0.7068 0.0198
vn -0.7071 -0.7068 0.0198
vn 0.9787 -0.0812 -0.1886
vn -0.9787 -0.0812 -0.1886
vn 0.6302 0.2975 -0.7172
vn -0.6302 0.2975 -0.7172
vn 0.7084 0.0042 -0.7058
vn -0.7084 0.0042 -0.7058
vn 0.8925 0.3064 -0.3311
vn -0.8925 0.3064 -0.3311
vn 0.5696 0.4763 -0.6699
vn -0.5696 0.4763 -0.6699
vn 0.7071 -0.1719 -0.6859
vn -0.7071 -0.1719 -0.6859
vn 0.7071 -0.1720 -0.6859
vn -0.7071 -0.1720 -0.6859
vn 0.7071 -0.1720 -0.6858
vn -0.7071 -0.1720 -0.6858
vn 0.7071 -0.1721 -0.6858
vn -0.7071 -0.1721 -0.6858
vn 0.5491 -0.8212 -0.1551
vn -0.5491 -0.8212 -0.1551
vn 0.8146 -0.5034 0.2881
vn -0.8146 -0.5034 0.2881
vn 0.7072 -0.7043 0.0619
vn -0.7072 -0.7043 0.0619
vn 0.7071 -0.7044 0.0619
vn -0.7071 -0.7044 0.0619
vn 0.5821 -0.5492 0.5996
vn -0.5821 -0.5492 0.5996
vn 0.8040 -0.2272 0.5495
vn -0.8040 -0.2272 0.5495
vn -0.7071 -0.4994 0.5006
vn 0.7071 -0.4994 0.5006
vn 0.5469 0.3208 0.7732
vn -0.5469 0.3208 0.7732
vn 0.7071 0.7071 -0.0000
vn 0.5758 0.5697 -0.5864
vn 0.7071 -0.0204 -0.7068
vn -0.7071 -0.0204 -0.7068
vn -0.5758 0.5697 -0.5864
vn 0.7071 -0.0205 -0.7068
vn -0.7071 -0.0205 -0.7068
vn -0.6947 0.0195 -0.7190
vn 0.6947 0.0195 -0.7190
vn 0.7071 0.0586 -0.7047
vn -0.7071 0.0586 -0.7047
vn 0.7071 0.0586 -0.7046
vn -0.7071 0.0586 -0.7046
vn 0.5445 -0.7647 -0.3447
vn -0.5445 -0.7647 -0.3447
vn 0.7071 -0.4887 0.5111
vn -0.7071 -0.4887 0.5111
vn 0.7071 -0.4885 0.5113
vn -0.7071 -0.4885 0.5113
vn -0.6393 -0.6859 0.3476
vn 0.6393 -0.6859 0.3476
vn 0.7073 -0.7010 0.0912
vn -0.7073 -0.7010 0.0912
vn 0.5891 -0.5568 0.5856
vn -0.5891 -0.5568 0.5856
vn 0.7072 -0.0555 0.7049
vn -0.7072 -0.0555 0.7049
vn 0.7074 -0.0563 0.7046
vn -0.7074 -0.0563 0.7046
vn 0.7075 -0.0580 0.7043
vn -0.7075 -0.0580 0.7043
vn -0.7066 -0.0610 0.7050
vn 0.7066 -0.0610 0.7050
vn 0.7092 -0.0690 0.7016
vn -0.7092 -0.0690 0.7016
vn 0.7046 -0.0680 0.7063
vn -0.7046 -0.0680 0.7063
vn 0.8923 -0.3296 0.3085
vn -0.8923 -0.3296 0.3085
vn -0.7072 -0.7069 0.0130
vn 0.7072 -0.7069 0.0130
vn 0.7072 -0.7069 0.0129
vn -0.7072 -0.7069 0.0129
vn -0.7071 -0.7070 0.0129
vn 0.7071 -0.7069 0.0129
vn -0.5478 -0.3466 -0.7614
vn 0.5478 -0.3466 -0.7614
vn 0.6275 0.2483 -0.7380
vn -0.6275 0.2483 -0.7380
vn 0.7071 -0.0601 -0.7046
vn -0.7071 -0.0601 -0.7046
vn 0.7071 -0.0602 -0.7045
vn -0.7071 -0.0602 -0.7045
vn 0.7072 -0.0602 -0.7045
vn -0.7072 -0.0602 -0.7045
vn 0.9077 0.2747 -0.3173
vn -0.9077 0.2747 -0.3173
vn 0.5703 0.5009 -0.6511
vn -0.5703 0.5009 -0.6511
vn 0.7066 -0.1429 -0.6930
vn -0.7066 -0.1429 -0.6930
vn 0.7071 -0.1444 -0.6922
vn -0.7071 -0.1444 -0.6922
vn 0.5489 -0.8148 -0.1864
vn -0.5489 -0.8148 -0.1864
vn 0.7074 -0.4316 0.5598
vn -0.7074 -0.4316 0.5598
vn 0.8138 -0.5144 0.2702
vn -0.8138 -0.5144 0.2702
vn 0.7071 -0.7060 0.0384
vn -0.7071 -0.7060 0.0384
vn -0.5473 -0.3668 -0.7523
vn 0.5473 -0.3668 -0.7523
vn 0.7071 0.4651 -0.5326
vn -0.7071 0.4651 -0.5326
vn 0.6290 0.2427 -0.7385
vn -0.6290 0.2427 -0.7385
vn 0.7071 -0.0583 -0.7047
vn -0.7071 -0.0583 -0.7047
vn 0.5470 -0.7966 -0.2571
vn -0.5470 -0.7966 -0.2571
vn 0.7071 -0.4593 0.5376
vn -0.7071 -0.4593 0.5376
vn -0.7070 -0.4597 0.5374
vn 0.7070 -0.4597 0.5374
vn 0.8039 -0.5300 0.2700
vn -0.8039 -0.5300 0.2700
vn 0.7077 -0.7044 0.0543
vn -0.7077 -0.7044 0.0543
vn 0.7071 -0.7051 0.0525
vn -0.7071 -0.7051 0.0525
vn 0.5766 -0.5284 0.6231
vn -0.5766 -0.5284 0.6231
vn 0.7072 0.0634 0.7042
vn -0.7072 0.0634 0.7042
vn 0.7071 0.0635 0.7042
vn -0.7071 0.0635 0.7042
vn 0.8100 -0.1872 0.5558
vn -0.8100 -0.1872 0.5558
vn 0.7071 -0.4765 0.5224
vn -0.7071 -0.4765 0.5224
vn 0.5481 0.3377 0.7652
vn -0.5481 0.3377 0.7652
vn -0.6304 -0.7169 0.2976
vn 0.7071 -0.7071 0.0013
vn -0.7071 -0.7071 0.0013
vn 0.6304 -0.7169 0.2976
vn 0.7071 -0.7071 0.0015
vn -0.7071 -0.7071 0.0015
vn 0.5775 -0.5766 0.5779
vn -0.5775 -0.5766 0.5779
vn 0.8040 -0.2271 0.5496
vn -0.8040 -0.2271 0.5496
vn -0.7071 -0.4991 0.5008
vn 0.7071 -0.4991 0.5008
vn 0.7071 -0.4992 0.5008
vn -0.7071 -0.4992 0.5008
vn 0.7071 -0.4991 0.5009
vn -0.7071 -0.4991 0.5009
vn 0.5470 0.3206 0.7733
vn -0.5470 0.3206 0.7733
vn 0.7072 0.7070 0.0006
vn -0.7072 0.7070 0.0006
vn 0.7071 0.7071 0.0006
vn -0.7071 0.7071 0.0006
vn 0.7071 0.7071 0.0005
vn -0.7071 0.7071 0.0005
vn 0.5764 0.5730 -0.5825
vn -0.5764 0.5730 -0.5825
vn 0.7072 -0.0123 -0.7069
vn -0.7072 -0.0123 -0.7069
vn 0.7071 -0.0123 -0.7070
vn -0.7071 -0.0123 -0.7070
vn -0.6939 0.0308 -0.7194
vn 0.6939 0.0308 -0.7194
vn 0.7072 0.0729 -0.7032
vn -0.7072 0.0729 -0.7032
vn 0.8854 0.3366 -0.3206
vn -0.8854 0.3366 -0.3206
vn 0.5757 0.5354 -0.6180
vn -0.5757 0.5354 -0.6180
vn 0.5475 -0.7956 -0.2593
vn -0.5475 -0.7956 -0.2593
vn 0.7071 -0.4656 0.5322
vn -0.7071 -0.4656 0.5322
vn 0.7071 -0.4655 0.5322
vn -0.7071 -0.4655 0.5322
vn 0.7072 -0.4657 0.5320
vn -0.7072 -0.4657 0.5320
vn 0.8072 -0.5322 0.2554
vn -0.8072 -0.5322 0.2554
vn 0.5861 -0.5931 0.5520
vn -0.5861 -0.5931 0.5520
vn 0.7071 -0.0811 0.7024
vn -0.7071 -0.0811 0.7024
vn 0.7073 -0.0816 0.7022
vn -0.7073 -0.0816 0.7022
vn 0.8900 -0.3399 0.3039
vn -0.8900 -0.3399 0.3039
vn 0.7071 -0.7071 0.0033
vn -0.7071 -0.7071 0.0033
vn 0.7071 -0.7071 0.0032
vn -0.7071 -0.7071 0.0032
vn -0.5468 -0.3224 -0.7727
vn 0.5468 -0.3224 -0.7727
vn 0.7071 0.4997 -0.5003
vn -0.7071 0.4997 -0.5003
vn 0.6303 0.2969 -0.7173
vn -0.6303 0.2969 -0.7173
vn 0.5469 -0.7734 -0.3205
vn -0.5469 -0.7734 -0.3205
# 600 vertex normals

o Layer_layer_004
g Layer_layer_004
usemtl wire_225198087
s 1
f 19//19 20//20 21//21 22//22 
s 4
f 20//20 23//23 24//24 21//21 
s 2
f 23//23 25//23 26//24 24//24 
s 4
f 25//23 27//23 28//24 26//24 
s 2
f 27//23 29//23 30//24 28//24 
s 4
f 29//23 31//25 32//26 30//24 
s 2
f 31//25 33//27 34//28 32//26 
s 4
f 33//27 35//29 36//30 34//28 
s 2
f 35//29 37//31 38//32 36//30 
s 4
f 37//31 39//33 40//34 38//32 
s 2
f 39//33 41//35 42//36 40//34 
s 4
f 41//35 43//37 44//38 42//36 
s 2
f 43//37 45//39 46//40 44//38 
s 4
f 45//39 47//41 48//42 46//40 
s 2
f 47//41 49//43 50//44 48//42 
s 4
f 49//43 51//45 52//46 50//44 
s 2
f 51//45 53//43 54//44 52//46 
s 4
f 53//43 55//43 56//44 54//44 
s 2
f 55//43 57//45 58//46 56//44 
s 4
f 57//45 59//47 60//48 58//46 
s 2
f 59//47 61//49 62//50 60//48 
s 4
f 61//49 63//51 64//52 62//50 
s 2
f 63//51 65//53 66//54 64//52 
s 4
f 65//53 67//55 68//56 66//54 
s 2
f 67//55 69//57 70//58 68//56 
s 4
f 69//57 71//59 72//60 70//58 
s 2
f 71//59 73//61 74//62 72//60 
s 4
f 73//61 75//63 76//64 74//62 
s 2
f 75//63 77//65 78//66 76//64 
s 4
f 77//65 79//67 80//68 78//66 
s 2
f 79//67 81//67 82//68 80//68 
s 4
f 81//67 83//69 84//70 82//68 
s 2
f 83//69 85//71 86//72 84//70 
s 4
f 85//71 87//73 88//74 86//72 
s 2
f 87//73 89//75 90//76 88//74 
s 4
f 89//75 91//77 92//78 90//76 
s 2
f 91//77 93//79 94//80 92//78 
s 4
f 93//79 95//80 96//79 94//80 
s 2
f 95//80 97//79 98//80 96//79 
s 4
f 97//79 99//80 100//79 98//80 
s 2
f 99//80 101//81 102//82 100//79 
s 4
f 101//81 103//83 104//84 102//82 
s 2
f 103//83 105//85 106//86 104//84 
s 4
f 105//85 107//87 108//88 106//86 
s 2
f 107//87 109//87 110//88 108//88 
s 4
f 109//87 111//89 112//90 110//88 
s 2
f 111//89 113//91 114//92 112//90 
s 4
f 113//91 115//91 116//92 114//92 
s 2
f 115//91 117//93 118//94 116//92 
s 4
f 117//93 119//95 120//96 118//94 
s 2
f 119//95 121//97 122//98 120//96 
s 4
f 121//97 123//99 124//100 122//98 
s 2
f 123//99 125//101 126//102 124//100 
s 4
f 125//101 127//53 128//54 126//102 
s 2
f 127//53 129//55 130//56 128//54 
s 4
f 129//55 131//53 132//54 130//56 
s 2
f 131//53 133//53 134//56 132//54 
s 4
f 133//53 135//53 136//56 134//56 
s 2
f 135//53 137//54 138//53 136//56 
s 4
f 137//54 139//103 140//104 138//53 
s 2
f 139//103 141//105 142//106 140//104 
s 4
f 141//105 143//105 144//106 142//106 
s 2
f 143//105 145//107 146//108 144//106 
s 4
f 145//107 147//109 148//110 146//108 
s 2
f 147//109 149//111 150//112 148//110 
s 4
f 149//111 151//113 152//114 150//112 
s 2
f 151//113 153//115 154//116 152//114 
s 4
f 153//115 155//117 156//118 154//116 
s 2
f 155//117 157//119 158//120 156//118 
s 4
f 157//119 159//95 160//96 158//120 
s 2
f 159//95 19//19 22//22 160//96 
s 1
f 161//121 162//122 163//123 164//124 
s 4
f 162//122 165//125 166//126 163//123 
s 2
f 165//125 167//127 168//128 166//126 
s 4
f 167//127 169//129 170//130 168//128 
s 2
f 169//129 171//131 172//132 170//130 
s 4
f 171//131 173//133 174//134 172//132 
s 2
f 173//133 175//135 176//136 174//134 
s 4
f 175//135 177//137 178//138 176//136 
s 2
f 177//137 179//139 180//140 178//138 
s 4
f 179//139 181//139 182//140 180//140 
s 2
f 181//139 183//141 184//142 182//140 
s 4
f 183//141 185//143 186//144 184//142 
s 2
f 185//143 187//145 188//146 186//144 
s 4
f 187//145 189//147 190//148 188//146 
s 2
f 189//147 191//149 192//150 190//148 
s 4
f 191//149 193//151 194//152 192//150 
s 2
f 193//151 195//153 196//154 194//152 
s 4
f 195//153 197//155 198//156 196//154 
s 2
f 197//155 199//155 200//156 198//156 
s 4
f 199//155 201//157 202//158 200//156 
s 2
f 201//157 203//159 204//160 202//158 
s 4
f 203//159 205//161 206//162 204//160 
s 2
f 205//161 207//163 208//164 206//162 
s 4
f 207//163 209//163 210//164 208//164 
s 2
f 209//163 211//161 212//162 210//164 
s 4
f 211//161 213//165 214//166 212//162 
s 2
f 213//165 215//167 216//168 214//166 
s 4
f 215//167 217//169 218//170 216//168 
s 2
f 217//169 219//171 220//172 218//170 
s 4
f 219//171 221//173 222//174 220//172 
s 2
f 221//173 223//173 224//174 222//174 
s 4
f 223//173 225//175 226//176 224//174 
s 2
f 225//175 227//177 228//178 226//176 
s 4
f 227//177 229//179 230//180 228//178 
s 2
f 229//179 231//181 232//182 230//180 
s 4
f 231//181 233//183 234//184 232//182 
s 2
f 233//183 235//185 236//186 234//184 
s 4
f 235//185 237//187 238//188 236//186 
s 2
f 237//187 239//188 240//187 238//188 
s 4
f 239//188 241//189 242//190 240//187 
s 2
f 241//189 243//189 244//190 242//190 
s 4
f 243//189 245//191 246//192 244//190 
s 2
f 245//191 247//193 248//194 246//192 
s 4
f 247//193 249//195 250//196 248//194 
s 2
f 249//195 251//197 252//198 250//196 
s 4
f 251//197 253//199 254//200 252//198 
s 2
f 253//199 255//201 256//202 254//200 
s 4
f 255//201 257//203 258//204 256//202 
s 2
f 257//203 259//205 260//206 258//204 
s 4
f 259//205 261//206 262//205 260//206 
s 2
f 261//206 263//205 264//206 262//205 
s 4
f 263//205 265//203 266//204 264//206 
s 2
f 265//203 267//203 268//204 266//204 
s 4
f 267//203 269//205 270//206 268//204 
s 2
f 269//205 271//205 272//206 270//206 
s 4
f 271//205 273//203 274//204 272//206 
s 2
f 273//203 275//207 276//208 274//204 
s 4
f 275//207 277//209 278//210 276//208 
s 2
f 277//209 279//210 280//209 278//210 
s 4
f 279//210 281//209 282//210 280//209 
s 2
f 281//209 283//209 284//210 282//210 
s 4
f 283//209 285//211 286//212 284//210 
s 2
f 285//211 161//121 164//124 286//212 
s 1
f 287//213 288//214 289//215 290//216 
s 4
f 288//214 291//217 292//218 289//215 
s 2
f 291//217 293//219 294//220 292//218 
s 4
f 293//219 295//219 296//220 294//220 
s 2
f 295//219 297//221 298//222 296//220 
s 4
f 297//221 299//223 300//224 298//222 
s 2
f 299//223 301//225 302//226 300//224 
s 4
f 301//225 303//227 304//228 302//226 
s 2
f 303//227 305//86 306//88 304//228 
s 4
f 305//86 307//86 308//85 306//88 
s 2
f 307//86 309//86 310//85 308//85 
s 4
f 309//86 311//87 312//88 310//85 
s 2
f 311//87 313//86 314//85 312//88 
s 4
f 313//86 315//87 316//88 314//85 
s 2
f 315//87 317//86 318//85 316//88 
s 4
f 317//86 319//86 320//85 318//85 
s 2
f 319//86 321//86 322//88 320//85 
s 4
f 321//86 323//86 324//88 322//88 
s 2
f 323//86 325//87 326//88 324//88 
s 4
f 325//87 327//86 328//85 326//88 
s 2
f 327//86 329//229 330//230 328//85 
s 4
f 329//229 331//231 332//232 330//230 
s 2
f 331//231 333//233 334//234 332//232 
s 4
f 333//233 335//235 336//236 334//234 
s 2
f 335//235 337//237 338//238 336//236 
s 4
f 337//237 339//55 340//56 338//238 
s 2
f 339//55 341//53 342//54 340//56 
s 4
f 341//53 343//53 344//56 342//54 
s 2
f 343//53 345//53 346//56 344//56 
s 4
f 345//53 347//53 348//54 346//56 
s 2
f 347//53 349//55 350//56 348//54 
s 4
f 349//55 351//55 352//56 350//56 
s 2
f 351//55 353//55 354//56 352//56 
s 4
f 353//55 355//55 356//56 354//56 
s 2
f 355//55 357//57 358//58 356//56 
s 4
f 357//57 359//239 360//240 358//58 
s 2
f 359//239 361//241 362//242 360//240 
s 4
f 361//241 363//243 364//244 362//242 
s 2
f 363//243 365//245 366//246 364//244 
s 4
f 365//245 367//247 368//248 366//246 
s 2
f 367//247 369//249 370//250 368//248 
s 4
f 369//249 371//251 372//252 370//250 
s 2
f 371//251 373//253 374//254 372//252 
s 4
f 373//253 375//255 376//256 374//254 
s 2
f 375//255 377//256 378//255 376//256 
s 4
f 377//256 379//257 380//258 378//255 
s 2
f 379//257 381//259 382//260 380//258 
s 4
f 381//259 383//261 384//262 382//260 
s 2
f 383//261 385//263 386//264 384//262 
s 4
f 385//263 387//53 388//54 386//264 
s 2
f 387//53 389//53 390//54 388//54 
s 4
f 389//53 391//265 392//266 390//54 
s 2
f 391//265 393//267 394//268 392//266 
s 4
f 393//267 395//269 396//270 394//268 
s 2
f 395//269 397//271 398//272 396//270 
s 4
f 397//271 399//273 400//274 398//272 
s 2
f 399//273 401//275 402//276 400//274 
s 4
f 401//275 403//277 404//278 402//276 
s 2
f 403//277 405//279 406//280 404//278 
s 4
f 405//279 407//281 408//282 406//280 
s 2
f 407//281 409//87 410//88 408//282 
s 4
f 409//87 411//86 412//85 410//88 
s 2
f 411//86 413//88 414//87 412//85 
s 4
f 413//88 415//87 416//88 414//87 
s 2
f 415//87 417//86 418//88 416//88 
s 4
f 417//86 419//283 420//284 418//88 
s 2
f 419//283 421//285 422//286 420//284 
s 4
f 421//285 423//285 424//286 422//286 
s 2
f 423//285 425//287 426//288 424//286 
s 4
f 425//287 427//289 428//290 426//288 
s 2
f 427//289 287//213 290//216 428//290 
s 1
f 429//291 430//291 431//292 432//292 
s 4
f 430//291 433//291 434//292 431//292 
s 2
f 433//291 435//291 436//292 434//292 
s 4
f 435//291 437//293 438//294 436//292 
s 2
f 437//293 439//295 440//296 438//294 
s 4
f 439//295 441//297 442//298 440//296 
s 2
f 441//297 443//299 444//300 442//298 
s 4
f 443//299 445//301 446//302 444//300 
s 2
f 445//301 447//303 448//304 446//302 
s 4
f 447//303 449//305 450//306 448//304 
s 2
f 449//305 451//83 452//84 450//306 
s 4
f 451//83 453//87 454//88 452//84 
s 2
f 453//87 455//87 456//88 454//88 
s 4
f 455//87 457//86 458//85 456//88 
s 2
f 457//86 459//86 460//85 458//85 
s 4
f 459//86 461//86 462//88 460//85 
s 2
f 461//86 463//307 464//308 462//88 
s 4
f 463//307 465//309 466//310 464//308 
s 2
f 465//309 467//311 468//312 466//310 
s 4
f 467//311 469//313 470//314 468//312 
s 2
f 469//313 471//315 472//316 470//314 
s 4
f 471//315 473//315 474//316 472//316 
s 2
f 473//315 475//315 476//316 474//316 
s 4
f 475//315 477//315 478//316 476//316 
s 2
f 477//315 479//317 480//318 478//316 
s 4
f 479//317 481//319 482//320 480//318 
s 2
f 481//319 483//321 484//322 482//320 
s 4
f 483//321 485//323 486//324 484//322 
s 2
f 485//323 487//325 488//326 486//324 
s 4
f 487//325 489//323 490//324 488//326 
s 2
f 489//323 491//323 492//324 490//324 
s 4
f 491//323 493//323 494//324 492//324 
s 2
f 493//323 495//323 496//324 494//324 
s 4
f 495//323 497//323 498//324 496//324 
s 2
f 497//323 499//327 500//328 498//324 
s 4
f 499//327 501//329 502//330 500//328 
s 2
f 501//329 503//331 504//332 502//330 
s 4
f 503//331 505//293 506//294 504//332 
s 2
f 505//293 507//333 508//334 506//294 
s 4
f 507//333 509//333 510//334 508//334 
s 2
f 509//333 511//333 512//334 510//334 
s 4
f 511//333 513//335 514//336 512//334 
s 2
f 513//335 515//337 516//338 514//336 
s 4
f 515//337 517//339 518//340 516//338 
s 2
f 517//339 519//341 520//342 518//340 
s 4
f 519//341 521//343 522//344 520//342 
s 2
f 521//343 523//345 524//346 522//344 
s 4
f 523//345 525//86 526//88 524//346 
s 2
f 525//86 527//87 528//88 526//88 
s 4
f 527//87 529//87 530//88 528//88 
s 2
f 529//87 531//86 532//88 530//88 
s 4
f 531//86 533//86 534//85 532//88 
s 2
f 533//86 535//86 536//85 534//85 
s 4
f 535//86 537//87 538//88 536//85 
s 2
f 537//87 539//86 540//85 538//88 
s 4
f 539//86 541//86 542//85 540//85 
s 2
f 541//86 543//86 544//85 542//85 
s 4
f 543//86 545//86 546//88 544//85 
s 2
f 545//86 547//86 548//88 546//88 
s 4
f 547//86 549//86 550//88 548//88 
s 2
f 549//86 551//86 552//88 550//88 
s 4
f 551//86 553//86 554//88 552//88 
s 2
f 553//86 555//86 556//88 554//88 
s 4
f 555//86 557//86 558//88 556//88 
s 2
f 557//86 559//86 560//88 558//88 
s 4
f 559//86 561//87 562//88 560//88 
s 2
f 561//87 563//86 564//88 562//88 
s 4
f 563//86 565//86 566//85 564//88 
s 2
f 565//86 567//86 568//88 566//85 
s 4
f 567//86 569//86 570//88 568//88 
s 2
f 569//86 571//86 572//88 570//88 
s 4
f 571//86 573//86 574//85 572//88 
s 2
f 573//86 575//88 576//87 574//85 
s 4
f 575//88 577//87 578//88 576//87 
s 2
f 577//87 579//88 580//87 578//88 
s 4
f 579//88 581//87 582//88 580//87 
s 2
f 581//87 583//86 584//88 582//88 
s 4
f 583//86 585//86 586//88 584//88 
s 2
f 585//86 587//86 588//88 586//88 
s 4
f 587//86 589//86 590//85 588//88 
s 2
f 589//86 591//88 592//87 590//85 
s 4
f 591//88 593//347 594//348 592//87 
s 2
f 593//347 595//349 596//350 594//348 
s 4
f 595//349 597//351 598//352 596//350 
s 2
f 597//351 599//353 600//354 598//352 
s 4
f 599//353 601//355 602//356 600//354 
s 2
f 601//355 603//357 604//358 602//356 
s 4
f 603//357 605//359 606//360 604//358 
s 2
f 605//359 607//361 608//362 606//360 
s 4
f 607//361 609//362 610//361 608//362 
s 2
f 609//362 611//360 612//359 610//361 
s 4
f 611//360 613//363 614//364 612//359 
s 2
f 613//363 615//365 616//366 614//364 
s 4
f 615//365 617//367 618//368 616//366 
s 2
f 617//367 619//367 620//368 618//368 
s 4
f 619//367 621//367 622//368 620//368 
s 2
f 621//367 623//369 624//370 622//368 
s 4
f 623//369 625//371 626//372 624//370 
s 2
f 625//371 627//373 628//374 626//372 
s 4
f 627//373 629//375 630//376 628//374 
s 2
f 629//375 631//377 632//378 630//376 
s 4
f 631//377 633//377 634//378 632//378 
s 2
f 633//377 635//377 636//378 634//378 
s 4
f 635//377 637//377 638//378 636//378 
s 2
f 637//377 639//377 640//378 638//378 
s 4
f 639//377 641//379 642//380 640//378 
s 2
f 641//379 643//381 644//382 642//380 
s 4
f 643//381 645//383 646//384 644//382 
s 2
f 645//383 647//385 648//386 646//384 
s 4
f 647//385 649//97 650//387 648//386 
s 2
f 649//97 651//97 652//98 650//387 
s 4
f 651//97 653//388 654//389 652//98 
s 2
f 653//388 429//291 432//292 654//389 
s 1
f 655//390 656//391 657//392 658//393 
s 4
f 656//391 659//392 660//391 657//392 
s 2
f 659//392 661//391 662//392 660//391 
s 4
f 661//391 663//394 664//395 662//392 
s 2
f 663//394 665//291 666//292 664//395 
s 4
f 665//291 667//291 668//292 666//292 
s 2
f 667//291 669//291 670//292 668//292 
s 4
f 669//291 671//291 672//292 670//292 
s 2
f 671//291 673//292 674//291 672//292 
s 4
f 673//292 675//291 676//292 674//291 
s 2
f 675//291 677//291 678//292 676//292 
s 4
f 677//291 679//291 680//292 678//292 
s 2
f 679//291 681//291 682//292 680//292 
s 4
f 681//291 683//396 684//397 682//292 
s 2
f 683//396 685//398 686//399 684//397 
s 4
f 685//398 687//400 688//401 686//399 
s 2
f 687//400 689//402 690//403 688//401 
s 4
f 689//402 691//402 692//403 690//403 
s 2
f 691//402 693//402 694//403 692//403 
s 4
f 693//402 695//400 696//401 694//403 
s 2
f 695//400 697//404 698//405 696//401 
s 4
f 697//404 699//406 700//407 698//405 
s 2
f 699//406 701//86 702//88 700//407 
s 4
f 701//86 703//87 704//88 702//88 
s 2
f 703//87 705//86 706//85 704//88 
s 4
f 705//86 707//85 708//86 706//85 
s 2
f 707//85 709//86 710//88 708//86 
s 4
f 709//86 711//86 712//85 710//88 
s 2
f 711//86 713//88 714//87 712//85 
s 4
f 713//88 715//83 716//84 714//87 
s 2
f 715//83 717//408 718//409 716//84 
s 4
f 717//408 719//410 720//411 718//409 
s 2
f 719//410 721//412 722//413 720//411 
s 4
f 721//412 723//413 724//412 722//413 
s 2
f 723//413 725//414 726//415 724//412 
s 4
f 725//414 727//416 728//417 726//415 
s 2
f 727//416 729//53 730//54 728//417 
s 4
f 729//53 731//53 732//56 730//54 
s 2
f 731//53 733//53 734//54 732//56 
s 4
f 733//53 735//53 736//54 734//54 
s 2
f 735//53 737//55 738//56 736//54 
s 4
f 737//55 739//418 740//419 738//56 
s 2
f 739//418 741//420 742//421 740//419 
s 4
f 741//420 743//422 744//423 742//421 
s 2
f 743//422 745//424 746//425 744//423 
s 4
f 745//424 747//426 748//427 746//425 
s 2
f 747//426 749//427 750//426 748//427 
s 4
f 749//427 751//426 752//427 750//426 
s 2
f 751//426 753//426 754//427 752//427 
s 4
f 753//426 755//428 756//429 754//427 
s 2
f 755//428 757//430 758//431 756//429 
s 4
f 757//430 759//432 760//433 758//431 
s 2
f 759//432 761//434 762//435 760//433 
s 4
f 761//434 763//436 764//437 762//435 
s 2
f 763//436 765//436 766//437 764//437 
s 4
f 765//436 767//438 768//439 766//437 
s 2
f 767//438 769//440 770//441 768//439 
s 4
f 769//440 771//87 772//88 770//441 
s 2
f 771//87 773//86 774//88 772//88 
s 4
f 773//86 775//86 776//88 774//88 
s 2
f 775//86 777//86 778//88 776//88 
s 4
f 777//86 779//442 780//443 778//88 
s 2
f 779//442 781//444 782//445 780//443 
s 4
f 781//444 783//445 784//444 782//445 
s 2
f 783//445 785//445 786//444 784//444 
s 4
f 785//445 787//446 788//447 786//444 
s 2
f 787//446 789//448 790//98 788//447 
s 4
f 789//448 655//390 658//393 790//98 
s 1
f 791//449 792//450 793//451 794//452 
s 4
f 792//450 795//453 796//454 793//451 
s 2
f 795//453 797//455 798//456 796//454 
s 4
f 797//455 799//457 800//458 798//456 
s 2
f 799//457 801//457 802//458 800//458 
s 4
f 801//457 803//457 804//458 802//458 
s 2
f 803//457 805//457 806//458 804//458 
s 4
f 805//457 807//459 808//460 806//458 
s 2
f 807//459 809//459 810//460 808//460 
s 4
f 809//459 811//457 812//458 810//460 
s 2
f 811//457 813//461 814//462 812//458 
s 4
f 813//461 815//463 816//464 814//462 
s 2
f 815//463 817//465 818//466 816//464 
s 4
f 817//465 819//465 820//466 818//466 
s 2
f 819//465 821//465 822//466 820//466 
s 4
f 821//465 823//467 824//468 822//466 
s 2
f 823//467 825//469 826//470 824//468 
s 4
f 825//469 827//471 828//472 826//470 
s 2
f 827//471 829//473 830//474 828//472 
s 4
f 829//473 831//475 832//476 830//474 
s 2
f 831//475 833//477 834//478 832//476 
s 4
f 833//477 835//479 836//480 834//478 
s 2
f 835//479 837//481 838//482 836//480 
s 4
f 837//481 839//483 840//484 838//482 
s 2
f 839//483 841//485 842//486 840//484 
s 4
f 841//485 843//487 844//488 842//486 
s 2
f 843//487 845//489 846//490 844//488 
s 4
f 845//489 847//489 848//490 846//490 
s 2
f 847//489 849//489 850//490 848//490 
s 4
f 849//489 851//491 852//492 850//490 
s 2
f 851//491 853//489 854//490 852//492 
s 4
f 853//489 855//493 856//494 854//490 
s 2
f 855//493 857//495 858//496 856//494 
s 4
f 857//495 859//497 860//498 858//496 
s 2
f 859//497 861//499 862//500 860//498 
s 4
f 861//499 863//501 864//502 862//500 
s 2
f 863//501 865//502 866//501 864//502 
s 4
f 865//502 867//501 868//502 866//501 
s 2
f 867//501 869//503 870//504 868//502 
s 4
f 869//503 871//505 872//506 870//504 
s 2
f 871//505 873//507 874//508 872//506 
s 4
f 873//507 875//509 876//510 874//508 
s 2
f 875//509 877//509 878//510 876//510 
s 4
f 877//509 879//509 880//510 878//510 
s 2
f 879//509 881//509 882//510 880//510 
s 4
f 881//509 883//509 884//510 882//510 
s 2
f 883//509 885//511 886//512 884//510 
s 4
f 885//511 887//513 888//514 886//512 
s 2
f 887//513 889//515 890//516 888//514 
s 4
f 889//515 891//517 892//518 890//516 
s 2
f 891//517 893//517 894//518 892//518 
s 4
f 893//517 895//518 896//517 894//518 
s 2
f 895//518 897//519 898//520 896//517 
s 4
f 897//519 899//521 900//522 898//520 
s 2
f 899//521 901//521 902//522 900//522 
s 4
f 901//521 903//523 904//524 902//522 
s 2
f 903//523 905//525 906//526 904//524 
s 4
f 905//525 907//525 908//526 906//526 
s 2
f 907//525 909//527 910//528 908//526 
s 4
f 909//527 911//529 912//530 910//528 
s 2
f 911//529 913//531 914//532 912//530 
s 4
f 913//531 915//533 916//534 914//532 
s 2
f 915//533 917//535 918//536 916//534 
s 4
f 917//535 919//537 920//538 918//536 
s 2
f 919//537 921//539 922//540 920//538 
s 4
f 921//539 923//541 924//542 922//540 
s 2
f 923//541 925//543 926//544 924//542 
s 4
f 925//543 927//545 928//546 926//544 
s 2
f 927//545 929//547 930//548 928//546 
s 4
f 929//547 931//549 932//550 930//548 
s 2
f 931//549 791//449 794//452 932//550 
s 1
f 933//551 934//552 935//553 936//554 
s 4
f 934//552 937//552 938//553 935//553 
s 2
f 937//552 939//555 940//556 938//553 
s 4
f 939//555 941//557 942//558 940//556 
s 2
f 941//557 943//86 944//85 942//558 
s 4
f 943//86 945//86 946//85 944//85 
s 2
f 945//86 947//86 948//85 946//85 
s 4
f 947//86 949//559 950//560 948//85 
s 2
f 949//559 951//561 952//562 950//560 
s 4
f 951//561 953//563 954//564 952//562 
s 2
f 953//563 955//565 956//566 954//564 
s 4
f 955//565 957//567 958//568 956//566 
s 2
f 957//567 959//569 960//570 958//568 
s 4
f 959//569 961//569 962//570 960//570 
s 2
f 961//569 963//569 964//570 962//570 
s 4
f 963//569 965//569 966//570 964//570 
s 2
f 965//569 967//569 968//570 966//570 
s 4
f 967//569 969//569 970//570 968//570 
s 2
f 969//569 971//571 972//572 970//570 
s 4
f 971//571 973//573 974//574 972//572 
s 2
f 973//573 975//575 976//576 974//574 
s 4
f 975//575 977//577 978//578 976//576 
s 2
f 977//577 979//577 980//578 978//578 
s 4
f 979//577 981//577 982//578 980//578 
s 2
f 981//577 983//579 984//580 982//578 
s 4
f 983//579 985//579 986//580 984//580 
s 2
f 985//579 987//577 988//578 986//580 
s 4
f 987//577 989//581 990//582 988//578 
s 2
f 989//581 991//583 992//584 990//582 
s 4
f 991//583 993//585 994//586 992//584 
s 2
f 993//585 995//587 996//588 994//586 
s 4
f 995//587 997//589 998//590 996//588 
s 2
f 997//589 999//591 1000//592 998//590 
s 4
f 999//591 1001//593 1002//594 1000//592 
s 2
f 1001//593 1003//593 1004//594 1002//594 
s 4
f 1003//593 1005//595 1006//596 1004//594 
s 2
f 1005//595 1007//597 1008//598 1006//596 
s 4
f 1007//597 1009//599 1010//600 1008//598 
s 2
f 1009//599 1011//601 1012//602 1010//600 
s 4
f 1011//601 1013//602 1014//601 1012//602 
s 2
f 1013//602 1015//601 1016//602 1014//601 
s 4
f 1015//601 1017//602 1018//601 1016//602 
s 2
f 1017//602 1019//603 1020//604 1018//601 
s 4
f 1019//603 1021//605 1022//606 1020//604 
s 2
f 1021//605 1023//607 1024//608 1022//606 
s 4
f 1023//607 1025//609 1026//610 1024//608 
s 2
f 1025//609 1027//609 1028//610 1026//610 
s 4
f 1027//609 1029//609 1030//610 1028//610 
s 2
f 1029//609 1031//609 1032//610 1030//610 
s 4
f 1031//609 1033//611 1034//612 1032//610 
s 2
f 1033//611 1035//613 1036//614 1034//612 
s 4
f 1035//613 1037//615 1038//616 1036//614 
s 2
f 1037//615 1039//617 1040//618 1038//616 
s 4
f 1039//617 933//551 936//554 1040//618 
s 16
f 85//71 83//69 89//75 87//73 
f 81//67 79//67 89//75 83//69 
f 41//35 39//33 45//39 43//37 
f 117//93 115//91 121//97 119//95 
f 157//119 155//117 19//19 159//95 
f 37//31 47//41 45//39 39//33 
f 113//91 111//89 121//97 115//91 
f 155//117 23//23 20//20 19//19 
f 155//117 153//115 25//23 23//23 
f 153//115 29//23 27//23 25//23 
f 153//115 33//27 31//25 29//23 
f 153//115 37//31 35//29 33//27 
f 123//99 121//97 127//53 125//101 
f 153//115 49//43 47//41 37//31 
f 153//115 53//43 51//45 49//43 
f 151//113 149//111 53//43 153//115 
f 147//109 145//107 53//43 149//111 
f 143//105 141//105 53//43 145//107 
f 141//105 139//103 55//43 53//43 
f 139//103 59//47 57//45 55//43 
f 139//103 103//83 61//49 59//47 
f 109//87 129//55 121//97 111//89 
f 75//63 73//61 79//67 77//65 
f 73//61 91//77 89//75 79//67 
f 73//61 95//80 93//79 91//77 
f 73//61 99//80 97//79 95//80 
f 71//59 101//81 99//80 73//61 
f 71//59 61//49 103//83 101//81 
f 121//97 129//55 127//53 
f 109//87 107//87 131//53 129//55 
f 105//85 103//83 131//53 107//87 
f 103//83 135//53 133//53 131//53 
f 61//49 67//55 65//53 63//51 
f 103//83 139//103 137//54 135//53 
f 69//57 67//55 61//49 71//59 
f 285//211 283//209 162//122 161//121 
f 171//131 177//137 175//135 173//133 
f 245//191 243//189 249//195 247//193 
f 217//169 223//173 221//173 219//171 
f 217//169 213//165 225//175 223//173 
f 241//189 263//205 249//195 243//189 
f 213//165 217//169 215//167 
f 253//199 259//205 257//203 255//201 
f 213//165 229//179 227//177 225//175 
f 213//165 265//203 231//181 229//179 
f 181//139 171//131 185//143 183//141 
f 253//199 263//205 261//206 259//205 
f 165//125 171//131 169//129 167//127 
f 281//209 193//151 162//122 283//209 
f 162//122 191//149 171//131 165//125 
f 171//131 181//139 179//139 177//137 
f 171//131 189//147 187//145 185//143 
f 171//131 191//149 189//147 
f 162//122 193//151 191//149 
f 279//210 277//209 193//151 281//209 
f 275//207 195//153 193//151 277//209 
f 251//197 249//195 263//205 253//199 
f 239//188 265//203 263//205 241//189 
f 237//187 235//185 265//203 239//188 
f 233//183 231//181 265//203 235//185 
f 213//165 211//161 267//203 265//203 
f 209//163 207//163 267//203 211//161 
f 205//161 269//205 267//203 207//163 
f 203//159 271//205 269//205 205//161 
f 201//157 199//155 271//205 203//159 
f 197//155 273//203 271//205 199//155 
f 195//153 275//207 273//203 197//155 
f 427//289 425//287 288//214 287//213 
f 379//257 377//256 383//261 381//259 
f 331//231 329//229 335//235 333//233 
f 375//255 373//253 383//261 377//256 
f 389//53 395//269 393//267 391//265 
f 389//53 399//273 397//271 395//269 
f 389//53 369//249 401//275 399//273 
f 371//251 385//263 383//261 373//253 
f 405//279 291//217 409//87 407//281 
f 329//229 339//55 337//237 335//235 
f 371//251 369//249 387//53 385//263 
f 369//249 389//53 387//53 
f 367//247 403//277 401//275 369//249 
f 425//287 423//285 291//217 288//214 
f 421//285 419//283 291//217 423//285 
f 417//86 415//87 291//217 419//283 
f 413//88 411//86 291//217 415//87 
f 409//87 291//217 411//86 
f 403//277 293//219 291//217 405//279 
f 403//277 303//227 295//219 293//219 
f 329//229 343//53 341//53 339//55 
f 327//86 325//87 343//53 329//229 
f 325//87 347//53 345//53 343//53 
f 325//87 323//86 349//55 347//53 
f 321//86 351//55 349//55 323//86 
f 321//86 319//86 353//55 351//55 
f 317//86 315//87 353//55 319//86 
f 313//86 355//55 353//55 315//87 
f 311//87 309//86 355//55 313//86 
f 309//86 359//239 357//57 355//55 
f 307//86 305//86 359//239 309//86 
f 303//227 403//277 359//239 305//86 
f 359//239 365//245 363//243 361//241 
f 295//219 301//225 299//223 297//221 
f 359//239 403//277 367//247 365//245 
f 303//227 301//225 295//219 
f 477//315 475//315 481//319 479//317 
f 597//351 603//357 601//355 599//353 
f 437//293 435//291 441//297 439//295 
f 511//333 517//339 515//337 513//335 
f 473//315 483//321 481//319 475//315 
f 645//383 651//97 649//97 647//385 
f 433//291 430//291 441//297 435//291 
f 519//341 511//333 523//345 521//343 
f 595//349 501//329 603//357 597//351 
f 447//303 453//87 451//83 449//305 
f 473//315 487//325 485//323 483//321 
f 651//97 641//379 429//291 653//388 
f 447//303 457//86 455//87 453//87 
f 643//381 641//379 651//97 645//383 
f 430//291 445//301 443//299 441//297 
f 511//333 519//341 517//339 
f 511//333 527//87 525//86 523//345 
f 511//333 531//86 529//87 527//87 
f 511//333 535//86 533//86 531//86 
f 511//333 539//86 537//87 535//86 
f 511//333 543//86 541//86 539//86 
f 511//333 547//86 545//86 543//86 
f 511//333 509//333 549//86 547//86 
f 509//333 553//86 551//86 549//86 
f 509//333 507//333 555//86 553//86 
f 505//293 503//331 555//86 507//333 
f 501//329 557//86 555//86 503//331 
f 501//329 561//87 559//86 557//86 
f 501//329 565//86 563//86 561//87 
f 501//329 569//86 567//86 565//86 
f 501//329 573//86 571//86 569//86 
f 501//329 577//87 575//88 573//86 
f 501//329 581//87 579//88 577//87 
f 501//329 585//86 583//86 581//87 
f 501//329 589//86 587//86 585//86 
f 473//315 471//315 489//323 487//325 
f 501//329 593//347 591//88 589//86 
f 471//315 469//313 491//323 489//323 
f 447//303 430//291 459//86 457//86 
f 613//363 501//329 617//367 615//365 
f 501//329 595//349 593//347 
f 501//329 607//361 605//359 603//357 
f 501//329 611//360 609//362 607//361 
f 501//329 613//363 611//360 
f 501//329 499//327 619//367 617//367 
f 497//323 495//323 619//367 499//327 
f 493//323 621//367 619//367 495//323 
f 491//323 623//369 621//367 493//323 
f 491//323 627//373 625//371 623//369 
f 469//313 629//375 627//373 491//323 
f 469//313 633//377 631//377 629//375 
f 469//313 467//311 635//377 633//377 
f 465//309 463//307 635//377 467//311 
f 463//307 639//377 637//377 635//377 
f 430//291 447//303 445//301 
f 429//291 461//86 459//86 430//291 
f 429//291 641//379 463//307 461//86 
f 641//379 639//377 463//307 
f 681//291 679//291 685//398 683//396 
f 785//445 783//445 789//448 787//446 
f 781//444 779//442 789//448 783//445 
f 757//430 755//428 761//434 759//432 
f 753//426 751//426 761//434 755//428 
f 741//420 747//426 745//424 743//422 
f 789//448 779//442 656//391 655//390 
f 741//420 751//426 749//427 747//426 
f 741//420 763//436 761//434 751//426 
f 741//420 767//438 765//436 763//436 
f 741//420 771//87 769//440 767//438 
f 741//420 775//86 773//86 771//87 
f 741//420 739//418 777//86 775//86 
f 737//55 779//442 777//86 739//418 
f 735//53 733//53 779//442 737//55 
f 731//53 725//414 779//442 733//53 
f 779//442 661//391 659//392 656//391 
f 779//442 717//408 663//394 661//391 
f 695//400 693//402 699//406 697//404 
f 691//402 689//402 699//406 693//402 
f 687//400 679//291 699//406 689//402 
f 679//291 687//400 685//398 
f 677//291 675//291 699//406 679//291 
f 673//292 671//291 699//406 675//291 
f 669//291 701//86 699//406 671//291 
f 667//291 703//87 701//86 669//291 
f 665//291 705//86 703//87 667//291 
f 665//291 709//86 707//85 705//86 
f 665//291 663//394 711//86 709//86 
f 663//394 715//83 713//88 711//86 
f 663//394 717//408 715//83 
f 779//442 721//412 719//410 717//408 
f 779//442 725//414 723//413 721//412 
f 731//53 729//53 727//416 725//414 
f 811//457 817//465 815//463 813//461 
f 811//457 821//465 819//465 817//465 
f 907//525 905//525 911//529 909//527 
f 929//547 927//545 791//449 931//549 
f 883//509 881//509 887//513 885//511 
f 879//509 877//509 887//513 881//509 
f 811//457 825//469 823//467 821//465 
f 869//503 875//509 873//507 871//505 
f 905//525 915//533 913//531 911//529 
f 927//545 795//453 792//450 791//449 
f 877//509 869//503 889//515 887//513 
f 919//537 917//535 923//541 921//539 
f 925//543 841//485 795//453 927//545 
f 915//533 905//525 923//541 917//535 
f 825//469 811//457 829//473 827//471 
f 869//503 877//509 875//509 
f 869//503 893//517 891//517 889//515 
f 869//503 897//519 895//518 893//517 
f 809//459 807//459 829//473 811//457 
f 807//459 805//457 831//475 829//473 
f 803//457 801//457 831//475 805//457 
f 801//457 799//457 833//477 831//475 
f 799//457 837//481 835//479 833//477 
f 799//457 841//485 839//483 837//481 
f 797//455 795//453 841//485 799//457 
f 925//543 845//489 843//487 841//485 
f 925//543 849//489 847//489 845//489 
f 925//543 853//489 851//491 849//489 
f 925//543 923//541 855//493 853//489 
f 923//541 859//497 857//495 855//493 
f 923//541 863//501 861//499 859//497 
f 923//541 867//501 865//502 863//501 
f 923//541 897//519 869//503 867//501 
f 905//525 903//523 897//519 923//541 
f 901//521 899//521 897//519 903//523 
f 1037//615 934//552 933//551 1039//617 
f 955//565 953//563 959//569 957//567 
f 995//587 1001//593 999//591 997//589 
f 995//587 1005//595 1003//593 1001//593 
f 995//587 993//585 1007//597 1005//595 
f 951//561 949//559 959//569 953//563 
f 993//585 1011//601 1009//599 1007//597 
f 993//585 1015//601 1013//602 1011//601 
f 993//585 1019//603 1017//602 1015//601 
f 991//583 1021//605 1019//603 993//585 
f 989//581 987//577 1021//605 991//583 
f 985//579 983//579 1021//605 987//577 
f 973//573 979//577 977//577 975//575 
f 939//555 937//552 943//86 941//557 
f 934//552 1037//615 943//86 937//552 
f 1037//615 1035//613 945//86 943//86 
f 1033//611 961//569 945//86 1035//613 
f 981//577 973//573 1021//605 983//579 
f 973//573 981//577 979//577 
f 971//571 969//569 1021//605 973//573 
f 967//569 1023//607 1021//605 969//569 
f 967//569 1027//609 1025//609 1023//607 
f 965//569 1029//609 1027//609 967//569 
f 965//569 963//569 1031//609 1029//609 
f 961//569 1033//611 1031//609 963//569 
f 961//569 959//569 947//86 945//86 
f 949//559 947//86 959//569 
f 86//72 88//74 90//76 84//70 
f 82//68 84//70 90//76 80//68 
f 42//36 44//38 46//40 40//34 
f 118//94 120//96 122//98 116//92 
f 158//120 160//96 22//22 156//118 
f 38//32 40//34 46//40 48//42 
f 114//92 116//92 122//98 112//90 
f 156//118 22//22 21//21 24//24 
f 156//118 24//24 26//24 154//116 
f 154//116 26//24 28//24 30//24 
f 154//116 30//24 32//26 34//28 
f 154//116 34//28 36//30 38//32 
f 124//100 126//102 128//54 122//98 
f 154//116 38//32 48//42 50//44 
f 154//116 50//44 52//46 54//44 
f 152//114 154//116 54//44 150//112 
f 148//110 150//112 54//44 146//108 
f 144//106 146//108 54//44 142//106 
f 142//106 54//44 56//44 140//104 
f 140//104 56//44 58//46 60//48 
f 140//104 60//48 62//50 104//84 
f 110//88 112//90 122//98 130//56 
f 76//64 78//66 80//68 74//62 
f 74//62 80//68 90//76 92//78 
f 74//62 92//78 94//80 96//79 
f 74//62 96//79 98//80 100//79 
f 72//60 74//62 100//79 102//82 
f 72//60 102//82 104//84 62//50 
f 122//98 128//54 130//56 
f 110//88 130//56 132//54 108//88 
f 106//86 108//88 132//54 104//84 
f 104//84 132//54 134//56 136//56 
f 62//50 64//52 66//54 68//56 
f 104//84 136//56 138//53 140//104 
f 70//58 72//60 62//50 68//56 
f 286//212 164//124 163//123 284//210 
f 172//132 174//134 176//136 178//138 
f 246//192 248//194 250//196 244//190 
f 218//170 220//172 222//174 224//174 
f 218//170 224//174 226//176 214//166 
f 242//190 244//190 250//196 264//206 
f 214//166 216//168 218//170 
f 254//200 256//202 258//204 260//206 
f 214//166 226//176 228//178 230//180 
f 214//166 230//180 232//182 266//204 
f 182//140 184//142 186//144 172//132 
f 254//200 260//206 262//205 264//206 
f 166//126 168//128 170//130 172//132 
f 282//210 284//210 163//123 194//152 
f 163//123 166//126 172//132 192//150 
f 172//132 178//138 180//140 182//140 
f 172//132 186//144 188//146 190//148 
f 172//132 190//148 192//150 
f 163//123 192//150 194//152 
f 280//209 282//210 194//152 278//210 
f 276//208 278//210 194//152 196//154 
f 252//198 254//200 264//206 250//196 
f 240//187 242//190 264//206 266//204 
f 238//188 240//187 266//204 236//186 
f 234//184 236//186 266//204 232//182 
f 214//166 266//204 268//204 212//162 
f 210//164 212//162 268//204 208//164 
f 206//162 208//164 268//204 270//206 
f 204//160 206//162 270//206 272//206 
f 202//158 204//160 272//206 200//156 
f 198//156 200//156 272//206 274//204 
f 196//154 198//156 274//204 276//208 
f 428//290 290//216 289//215 426//288 
f 380//258 382//260 384//262 378//255 
f 332//232 334//234 336//236 330//230 
f 376//256 378//255 384//262 374//254 
f 390//54 392//266 394//268 396//270 
f 390//54 396//270 398//272 400//274 
f 390//54 400//274 402//276 370//250 
f 372//252 374//254 384//262 386//264 
f 406//280 408//282 410//88 292//218 
f 330//230 336//236 338//238 340//56 
f 372//252 386//264 388//54 370//250 
f 370//250 388//54 390//54 
f 368//248 370//250 402//276 404//278 
f 426//288 289//215 292//218 424//286 
f 422//286 424//286 292//218 420//284 
f 418//88 420//284 292//218 416//88 
f 414//87 416//88 292//218 412//85 
f 410//88 412//85 292//218 
f 404//278 406//280 292//218 294//220 
f 404//278 294//220 296//220 304//228 
f 330//230 340//56 342//54 344//56 
f 328//85 330//230 344//56 326//88 
f 326//88 344//56 346//56 348//54 
f 326//88 348//54 350//56 324//88 
f 322//88 324//88 350//56 352//56 
f 322//88 352//56 354//56 320//85 
f 318//85 320//85 354//56 316//88 
f 314//85 316//88 354//56 356//56 
f 312//88 314//85 356//56 310//85 
f 310//85 356//56 358//58 360//240 
f 308//85 310//85 360//240 306//88 
f 304//228 306//88 360//240 404//278 
f 360//240 362//242 364//244 366//246 
f 296//220 298//222 300//224 302//226 
f 360//240 366//246 368//248 404//278 
f 304//228 296//220 302//226 
f 478//316 480//318 482//320 476//316 
f 598//352 600//354 602//356 604//358 
f 438//294 440//296 442//298 436//292 
f 512//334 514//336 516//338 518//340 
f 474//316 476//316 482//320 484//322 
f 646//384 648//386 650//387 652//98 
f 434//292 436//292 442//298 431//292 
f 520//342 522//344 524//346 512//334 
f 596//350 598//352 604//358 502//330 
f 448//304 450//306 452//84 454//88 
f 474//316 484//322 486//324 488//326 
f 652//98 654//389 432//292 642//380 
f 448//304 454//88 456//88 458//85 
f 644//382 646//384 652//98 642//380 
f 431//292 442//298 444//300 446//302 
f 512//334 518//340 520//342 
f 512//334 524//346 526//88 528//88 
f 512//334 528//88 530//88 532//88 
f 512//334 532//88 534//85 536//85 
f 512//334 536//85 538//88 540//85 
f 512//334 540//85 542//85 544//85 
f 512//334 544//85 546//88 548//88 
f 512//334 548//88 550//88 510//334 
f 510//334 550//88 552//88 554//88 
f 510//334 554//88 556//88 508//334 
f 506//294 508//334 556//88 504//332 
f 502//330 504//332 556//88 558//88 
f 502//330 558//88 560//88 562//88 
f 502//330 562//88 564//88 566//85 
f 502//330 566//85 568//88 570//88 
f 502//330 570//88 572//88 574//85 
f 502//330 574//85 576//87 578//88 
f 502//330 578//88 580//87 582//88 
f 502//330 582//88 584//88 586//88 
f 502//330 586//88 588//88 590//85 
f 474//316 488//326 490//324 472//316 
f 502//330 590//85 592//87 594//348 
f 472//316 490//324 492//324 470//314 
f 448//304 458//85 460//85 431//292 
f 614//364 616//366 618//368 502//330 
f 502//330 594//348 596//350 
f 502//330 604//358 606//360 608//362 
f 502//330 608//362 610//361 612//359 
f 502//330 612//359 614//364 
f 502//330 618//368 620//368 500//328 
f 498//324 500//328 620//368 496//324 
f 494//324 496//324 620//368 622//368 
f 492//324 494//324 622//368 624//370 
f 492//324 624//370 626//372 628//374 
f 470//314 492//324 628//374 630//376 
f 470//314 630//376 632//378 634//378 
f 470//314 634//378 636//378 468//312 
f 466//310 468//312 636//378 464//308 
f 464//308 636//378 638//378 640//378 
f 431//292 446//302 448//304 
f 432//292 431//292 460//85 462//88 
f 432//292 462//88 464//308 642//380 
f 642//380 464//308 640//378 
f 682//292 684//397 686//399 680//292 
f 786//444 788//447 790//98 784//444 
f 782//445 784//444 790//98 780//443 
f 758//431 760//433 762//435 756//429 
f 754//427 756//429 762//435 752//427 
f 742//421 744//423 746//425 748//427 
f 790//98 658//393 657//392 780//443 
f 742//421 748//427 750//426 752//427 
f 742//421 752//427 762//435 764//437 
f 742//421 764//437 766//437 768//439 
f 742//421 768//439 770//441 772//88 
f 742//421 772//88 774//88 776//88 
f 742//421 776//88 778//88 740//419 
f 738//56 740//419 778//88 780//443 
f 736//54 738//56 780//443 734//54 
f 732//56 734//54 780//443 726//415 
f 780//443 657//392 660//391 662//392 
f 780//443 662//392 664//395 718//409 
f 696//401 698//405 700//407 694//403 
f 692//403 694//403 700//407 690//403 
f 688//401 690//403 700//407 680//292 
f 680//292 686//399 688//401 
f 678//292 680//292 700//407 676//292 
f 674//291 676//292 700//407 672//292 
f 670//292 672//292 700//407 702//88 
f 668//292 670//292 702//88 704//88 
f 666//292 668//292 704//88 706//85 
f 666//292 706//85 708//86 710//88 
f 666//292 710//88 712//85 664//395 
f 664//395 712//85 714//87 716//84 
f 664//395 716//84 718//409 
f 780//443 718//409 720//411 722//413 
f 780//443 722//413 724//412 726//415 
f 732//56 726//415 728//417 730//54 
f 812//458 814//462 816//464 818//466 
f 812//458 818//466 820//466 822//466 
f 908//526 910//528 912//530 906//526 
f 930//548 932//550 794//452 928//546 
f 884//510 886//512 888//514 882//510 
f 880//510 882//510 888//514 878//510 
f 812//458 822//466 824//468 826//470 
f 870//504 872//506 874//508 876//510 
f 906//526 912//530 914//532 916//534 
f 928//546 794//452 793//451 796//454 
f 878//510 888//514 890//516 870//504 
f 920//538 922//540 924//542 918//536 
f 926//544 928//546 796//454 842//486 
f 916//534 918//536 924//542 906//526 
f 826//470 828//472 830//474 812//458 
f 870//504 876//510 878//510 
f 870//504 890//516 892//518 894//518 
f 870//504 894//518 896//517 898//520 
f 810//460 812//458 830//474 808//460 
f 808//460 830//474 832//476 806//458 
f 804//458 806//458 832//476 802//458 
f 802//458 832//476 834//478 800//458 
f 800//458 834//478 836//480 838//482 
f 800//458 838//482 840//484 842//486 
f 798//456 800//458 842//486 796//454 
f 926//544 842//486 844//488 846//490 
f 926//544 846//490 848//490 850//490 
f 926//544 850//490 852//492 854//490 
f 926//544 854//490 856//494 924//542 
f 924//542 856//494 858//496 860//498 
f 924//542 860//498 862//500 864//502 
f 924//542 864//502 866//501 868//502 
f 924//542 868//502 870//504 898//520 
f 906//526 924//542 898//520 904//524 
f 902//522 904//524 898//520 900//522 
f 1038//616 1040//618 936//554 935//553 
f 956//566 958//568 960//570 954//564 
f 996//588 998//590 1000//592 1002//594 
f 996//588 1002//594 1004//594 1006//596 
f 996//588 1006//596 1008//598 994//586 
f 952//562 954//564 960//570 950//560 
f 994//586 1008//598 1010//600 1012//602 
f 994//586 1012//602 1014//601 1016//602 
f 994//586 1016//602 1018//601 1020//604 
f 992//584 994//586 1020//604 1022//606 
f 990//582 992//584 1022//606 988//578 
f 986//580 988//578 1022//606 984//580 
f 974//574 976//576 978//578 980//578 
f 940//556 942//558 944//85 938//553 
f 935//553 938//553 944//85 1038//616 
f 1038//616 944//85 946//85 1036//614 
f 1034//612 1036//614 946//85 962//570 
f 982//578 984//580 1022//606 974//574 
f 974//574 980//578 982//578 
f 972//572 974//574 1022//606 970//570 
f 968//570 970//570 1022//606 1024//608 
f 968//570 1024//608 1026//610 1028//610 
f 966//570 968//570 1028//610 1030//610 
f 966//570 1030//610 1032//610 964//570 
f 962//570 964//570 1032//610 1034//612 
f 962//570 946//85 948//85 960//570 
f 950//560 960//570 948//85 
# 991 polygons - 34 triangles

#
# object Text007
#

v  2669.7468 2464.8792 -2360.8450
v  2669.7468 2464.8792 -2404.3325
v  2666.7468 2464.8792 -2404.3325
v  2666.7468 2464.8792 -2360.8450
v  2669.7468 2400.1917 -2404.3325
v  2666.7468 2400.1917 -2404.3325
v  2669.7468 2403.0916 -2401.4358
v  2666.7468 2403.0916 -2401.4358
v  2669.7468 2403.0916 -2393.3450
v  2666.7468 2403.0916 -2393.3450
v  2669.7468 2453.8916 -2393.3450
v  2666.7468 2453.8916 -2393.3450
v  2669.7468 2453.8916 -2371.8359
v  2666.7468 2453.8916 -2371.8359
v  2669.7468 2450.9915 -2374.7324
v  2666.7468 2450.9915 -2374.7324
v  2669.7468 2400.1917 -2374.7324
v  2666.7468 2400.1917 -2374.7324
v  2669.7468 2403.0916 -2371.8359
v  2666.7468 2403.0916 -2371.8359
v  2669.7468 2403.0916 -2363.7451
v  2666.7468 2403.0916 -2363.7451
v  2669.7468 2461.9915 -2363.7451
v  2666.7468 2461.9915 -2363.7451
v  2669.7468 2464.8792 -2309.4451
v  2669.7468 2464.8792 -2352.8325
v  2666.7468 2464.8792 -2352.8325
v  2666.7468 2464.8792 -2309.4451
v  2669.7468 2400.1917 -2352.8325
v  2666.7468 2400.1917 -2352.8325
v  2669.7468 2403.0916 -2349.9358
v  2666.7468 2403.0916 -2349.9358
v  2669.7468 2403.0916 -2341.8450
v  2666.7468 2403.0916 -2341.8450
v  2669.7468 2422.4915 -2341.8450
v  2666.7468 2422.4915 -2341.8450
v  2669.7468 2422.4915 -2312.2451
v  2666.7468 2422.4915 -2312.2451
v  2669.7468 2461.9824 -2312.2451
v  2666.7468 2461.9824 -2312.2451
v  2669.7468 2433.4790 -2323.2327
v  2669.7468 2433.4790 -2338.9431
v  2666.7468 2433.4790 -2338.9431
v  2666.7468 2433.4790 -2323.2327
v  2669.7468 2430.5825 -2341.8450
v  2666.7468 2430.5825 -2341.8450
v  2669.7468 2453.8916 -2341.8450
v  2666.7468 2453.8916 -2341.8450
v  2669.7468 2453.8916 -2320.4358
v  2666.7468 2453.8916 -2320.4358
v  2669.7468 2450.9897 -2323.2327
v  2666.7468 2450.9897 -2323.2327
v  2669.7468 2464.8792 -2287.6433
v  2669.7468 2464.8792 -2301.4326
v  2666.7468 2464.8792 -2301.4326
v  2666.7468 2464.8792 -2287.6433
v  2669.7468 2400.1917 -2301.4326
v  2666.7468 2400.1917 -2301.4326
v  2669.7468 2402.9915 -2298.6357
v  2666.7468 2402.9915 -2298.6357
v  2669.7468 2402.9915 -2289.4443
v  2666.7468 2402.9915 -2289.4443
v  2669.7468 2451.5916 -2266.4358
v  2666.7468 2451.5916 -2266.4358
v  2669.7468 2438.7915 -2269.3325
v  2666.7468 2438.7915 -2269.3325
v  2669.7468 2400.1917 -2269.3325
v  2666.7468 2400.1917 -2269.3325
v  2669.7468 2402.9915 -2266.4358
v  2666.7468 2402.9915 -2266.4358
v  2669.7468 2402.9915 -2258.3450
v  2666.7468 2402.9915 -2258.3450
v  2669.7468 2461.9915 -2258.3450
v  2666.7468 2461.9915 -2258.3450
v  2669.7468 2464.8792 -2255.4451
v  2666.7468 2464.8792 -2255.4451
v  2669.7468 2464.8792 -2269.3325
v  2666.7468 2464.8792 -2269.3325
v  2669.7468 2426.1917 -2287.6433
v  2666.7468 2426.1917 -2287.6433
v  2669.7468 2413.4915 -2290.5449
v  2666.7468 2413.4915 -2290.5449
v  2669.7468 2461.9915 -2290.5449
v  2666.7468 2461.9915 -2290.5449
v  2669.7468 2464.8792 -2233.6438
v  2669.7468 2464.8792 -2247.4326
v  2666.7468 2464.8792 -2247.4326
v  2666.7468 2464.8792 -2233.6438
v  2669.7468 2400.1917 -2247.4326
v  2666.7468 2400.1917 -2247.4326
v  2669.7468 2402.9910 -2244.5359
v  2666.7468 2402.9910 -2244.5359
v  2669.7468 2402.9910 -2236.4451
v  2666.7468 2402.9910 -2236.4451
v  2669.7468 2447.1917 -2236.4451
v  2666.7468 2447.1917 -2236.4451
v  2669.7468 2436.2915 -2233.6438
v  2666.7468 2436.2915 -2233.6438
v  2669.7468 2412.9915 -2220.3381
v  2666.7468 2412.9915 -2220.3381
v  2669.7468 2418.7915 -2220.3381
v  2666.7468 2418.7915 -2220.3381
v  2669.7468 2447.1917 -2204.2358
v  2666.7468 2447.1917 -2204.2358
v  2669.7468 2436.2915 -2207.1326
v  2666.7468 2436.2915 -2207.1326
v  2669.7468 2400.1917 -2207.1326
v  2666.7468 2400.1917 -2207.1326
v  2669.7468 2402.9915 -2204.2358
v  2666.7468 2402.9915 -2204.2358
v  2669.7468 2402.9915 -2196.1450
v  2666.7468 2402.9915 -2196.1450
v  2669.7468 2461.9812 -2196.1450
v  2666.7468 2461.9812 -2196.1450
v  2669.7468 2464.8792 -2193.3450
v  2666.7468 2464.8792 -2193.3450
v  2669.7468 2464.8792 -2207.1326
v  2666.7468 2464.8792 -2207.1326
v  2669.7468 2441.1833 -2220.3381
v  2666.7468 2441.1833 -2220.3381
v  2669.7468 2435.2847 -2220.3381
v  2666.7468 2435.2847 -2220.3381
v  2669.7468 2461.9792 -2235.2446
v  2666.7468 2461.9792 -2235.2446
v  2669.7468 2464.8792 -2142.8450
v  2669.7468 2464.8792 -2185.3325
v  2666.7468 2464.8792 -2185.3325
v  2666.7468 2464.8792 -2142.8450
v  2669.7468 2400.1917 -2185.3325
v  2666.7468 2400.1917 -2185.3325
v  2669.7468 2402.9915 -2182.4358
v  2666.7468 2402.9915 -2182.4358
v  2669.7468 2402.9915 -2145.7451
v  2666.7468 2402.9915 -2145.7451
v  2669.7468 2411.0916 -2145.7451
v  2666.7468 2411.0916 -2145.7451
v  2669.7468 2413.9915 -2142.8450
v  2666.7468 2413.9915 -2142.8450
v  2669.7468 2413.9915 -2171.4451
v  2666.7468 2413.9915 -2171.4451
v  2669.7468 2411.0916 -2174.3450
v  2666.7468 2411.0916 -2174.3450
v  2669.7468 2428.4915 -2174.3450
v  2666.7468 2428.4915 -2174.3450
v  2669.7468 2428.4915 -2159.7451
v  2666.7468 2428.4915 -2159.7451
v  2669.7468 2436.5916 -2159.7451
v  2666.7468 2436.5916 -2159.7451
v  2669.7468 2439.3916 -2156.8450
v  2666.7468 2439.3916 -2156.8450
v  2669.7468 2439.3916 -2171.4451
v  2666.7468 2439.3916 -2171.4451
v  2669.7468 2436.5916 -2174.3450
v  2666.7468 2436.5916 -2174.3450
v  2669.7468 2453.8916 -2174.3450
v  2666.7468 2453.8916 -2174.3450
v  2669.7468 2453.8916 -2145.7451
v  2666.7468 2453.8916 -2145.7451
v  2669.7468 2461.9915 -2145.7451
v  2666.7468 2461.9915 -2145.7451
v  2669.7468 2464.8792 -2091.4451
v  2669.7468 2464.8792 -2134.8325
v  2666.7468 2464.8792 -2134.8325
v  2666.7468 2464.8792 -2091.4451
v  2669.7468 2400.1917 -2134.8325
v  2666.7468 2400.1917 -2134.8325
v  2669.7468 2403.0916 -2131.9358
v  2666.7468 2403.0916 -2131.9358
v  2669.7468 2403.0916 -2123.8450
v  2666.7468 2403.0916 -2123.8450
v  2669.7468 2422.4915 -2123.8450
v  2666.7468 2422.4915 -2123.8450
v  2669.7468 2422.4915 -2094.2451
v  2666.7468 2422.4915 -2094.2451
v  2669.7468 2461.9824 -2094.2451
v  2666.7468 2461.9824 -2094.2451
v  2669.7468 2433.4790 -2105.2324
v  2669.7468 2433.4790 -2120.9431
v  2666.7468 2433.4790 -2120.9431
v  2666.7468 2433.4790 -2105.2327
v  2669.7468 2430.5825 -2123.8450
v  2666.7468 2430.5825 -2123.8450
v  2669.7468 2453.8916 -2123.8450
v  2666.7468 2453.8916 -2123.8450
v  2669.7468 2453.8916 -2102.4358
v  2666.7468 2453.8916 -2102.4358
v  2669.7468 2450.9897 -2105.2324
v  2666.7468 2450.9897 -2105.2327
v  2669.7468 2464.8792 -2040.0450
v  2669.7468 2464.8792 -2083.4326
v  2666.7468 2464.8792 -2083.4326
v  2666.7468 2464.8792 -2040.0450
v  2669.7468 2400.1917 -2083.4326
v  2666.7468 2400.1917 -2083.4326
v  2669.7468 2402.9915 -2080.6357
v  2666.7468 2402.9915 -2080.6357
v  2669.7468 2402.9915 -2042.9451
v  2666.7468 2402.9915 -2042.9451
v  2669.7468 2461.9915 -2042.9451
v  2666.7468 2461.9915 -2042.9451
v  2669.7468 2413.9790 -2053.9326
v  2669.7468 2413.9790 -2069.6431
v  2666.7468 2413.9790 -2069.6431
v  2666.7468 2413.9790 -2053.9326
v  2669.7468 2411.0825 -2072.4451
v  2666.7468 2411.0825 -2072.4451
v  2669.7468 2453.8916 -2072.4451
v  2666.7468 2453.8916 -2072.4451
v  2669.7468 2453.8916 -2051.0359
v  2666.7468 2453.8916 -2051.0359
v  2669.7468 2450.9910 -2053.9326
v  2666.7468 2450.9910 -2053.9326
v  2669.7468 2425.2915 -2000.4358
v  2669.7468 2422.3916 -2003.3325
v  2666.7468 2422.3916 -2003.3325
v  2666.7468 2425.2915 -2000.4358
v  2669.7468 2400.1917 -2003.3325
v  2666.7468 2400.1917 -2003.3325
v  2669.7468 2403.0916 -2000.4358
v  2666.7468 2403.0916 -2000.4358
v  2669.7468 2403.0916 -1992.3451
v  2666.7468 2403.0916 -1992.3451
v  2669.7468 2461.9915 -1992.3451
v  2666.7468 2461.9915 -1992.3451
v  2669.7468 2464.8792 -1989.4451
v  2666.7468 2464.8792 -1989.4451
v  2669.7468 2464.8792 -2003.3325
v  2666.7468 2464.8792 -2003.3325
v  2669.7468 2436.2791 -2003.3325
v  2666.7468 2436.2791 -2003.3325
v  2669.7468 2436.2791 -2018.1431
v  2666.7468 2436.2791 -2018.1431
v  2669.7468 2433.3823 -2021.0450
v  2666.7468 2433.3823 -2021.0450
v  2669.7468 2461.9915 -2021.0450
v  2666.7468 2461.9915 -2021.0450
v  2669.7468 2464.8792 -2018.1431
v  2666.7468 2464.8792 -2018.1431
v  2669.7468 2464.8792 -2032.0326
v  2666.7468 2464.8792 -2032.0326
v  2669.7468 2422.3916 -2032.0326
v  2666.7468 2422.3916 -2032.0326
v  2669.7468 2425.2915 -2029.1359
v  2666.7468 2425.2915 -2029.1359
v  2669.7468 2464.8792 -1967.5431
v  2669.7468 2464.8792 -1981.4326
v  2666.7468 2464.8792 -1981.4326
v  2666.7468 2464.8792 -1967.5431
v  2669.7468 2400.1917 -1981.4326
v  2666.7468 2400.1917 -1981.4326
v  2669.7468 2402.9915 -1978.5359
v  2666.7468 2402.9915 -1978.5359
v  2669.7468 2402.9915 -1970.4451
v  2666.7468 2402.9915 -1970.4451
v  2669.7468 2428.6917 -1970.4451
v  2666.7468 2428.6917 -1970.4451
v  2669.7468 2428.6917 -1948.9358
v  2666.7468 2428.6917 -1948.9358
v  2669.7468 2425.8916 -1951.8325
v  2666.7468 2425.8916 -1951.8325
v  2669.7468 2400.1917 -1951.8325
v  2666.7468 2400.1917 -1951.8325
v  2669.7468 2402.9915 -1948.9358
v  2666.7468 2402.9915 -1948.9358
v  2669.7468 2402.9915 -1940.8451
v  2666.7468 2402.9915 -1940.8451
v  2669.7468 2461.9915 -1940.8451
v  2666.7468 2461.9915 -1940.8451
v  2669.7468 2464.8792 -1937.9451
v  2666.7468 2464.8792 -1937.9451
v  2669.7468 2464.8792 -1951.8325
v  2666.7468 2464.8792 -1951.8325
v  2669.7468 2439.6790 -1951.8325
v  2666.7468 2439.6790 -1951.8325
v  2669.7468 2439.6790 -1967.5431
v  2666.7468 2439.6790 -1967.5431
v  2669.7468 2436.7825 -1970.4451
v  2666.7468 2436.7825 -1970.4451
v  2669.7468 2461.9915 -1970.4451
v  2666.7468 2461.9915 -1970.4451
v  2669.7468 2464.8792 -1890.4441
v  2669.7468 2464.8792 -1923.6344
v  2666.7468 2464.8792 -1923.6344
v  2666.7468 2464.8792 -1890.4441
v  2669.7468 2400.1917 -1929.9326
v  2666.7468 2400.1917 -1929.9326
v  2669.7468 2402.9915 -1926.7335
v  2666.7468 2402.9915 -1926.7335
v  2669.7468 2402.9915 -1918.7358
v  2666.7468 2402.9915 -1918.7358
v  2669.7468 2418.2915 -1917.3362
v  2666.7468 2418.2915 -1917.3362
v  2669.7468 2418.2915 -1896.8422
v  2666.7468 2418.2915 -1896.8422
v  2669.7468 2415.3916 -1899.4414
v  2666.7468 2415.3916 -1899.4414
v  2669.7468 2400.1917 -1898.0417
v  2666.7468 2400.1917 -1898.0417
v  2669.7468 2402.9915 -1895.4426
v  2666.7468 2402.9915 -1895.4426
v  2669.7468 2402.9915 -1887.3450
v  2666.7468 2402.9915 -1887.3450
v  2669.7468 2461.9915 -1893.0432
v  2666.7468 2461.9915 -1893.0432
v  2669.7468 2429.2791 -1900.6411
v  2669.7468 2429.2791 -1913.4374
v  2666.7468 2429.2791 -1913.4374
v  2666.7468 2429.2791 -1900.6411
v  2669.7468 2426.3823 -1916.6365
v  2666.7468 2426.3823 -1916.6365
v  2669.7468 2453.8916 -1914.0371
v  2666.7468 2453.8916 -1914.0371
v  2669.7468 2453.8916 -1900.0413
v  2666.7468 2453.8916 -1900.0413
v  2669.7468 2450.9900 -1902.6405
v  2666.7468 2450.9900 -1902.6405
v  2669.7468 2424.7910 -1862.6433
v  2669.7468 2421.9915 -1867.4424
v  2666.7468 2421.9915 -1867.4424
v  2666.7468 2424.7910 -1862.6433
v  2669.7468 2400.1917 -1879.3325
v  2666.7468 2400.1917 -1879.3325
v  2669.7468 2403.0916 -1874.4344
v  2666.7468 2403.0916 -1874.4344
v  2669.7468 2403.0916 -1865.3447
v  2666.7468 2403.0916 -1865.3447
v  2669.7468 2424.3916 -1854.9382
v  2666.7468 2424.3916 -1854.9382
v  2669.7468 2424.3916 -1843.7358
v  2666.7468 2424.3916 -1843.7358
v  2669.7468 2421.4915 -1846.5325
v  2666.7468 2421.4915 -1846.5325
v  2669.7468 2400.1917 -1846.5325
v  2666.7468 2400.1917 -1846.5325
v  2669.7468 2403.0916 -1843.7358
v  2666.7468 2403.0916 -1843.7358
v  2669.7468 2403.0916 -1835.6450
v  2666.7468 2403.0916 -1835.6450
v  2669.7468 2462.0916 -1835.6450
v  2666.7468 2462.0916 -1835.6450
v  2669.7468 2464.8792 -1832.7451
v  2666.7468 2464.8792 -1832.7451
v  2669.7468 2464.8792 -1876.1326
v  2666.7468 2464.8792 -1876.1326
v  2669.7468 2421.9915 -1876.1326
v  2666.7468 2421.9915 -1876.1326
v  2669.7468 2424.7910 -1873.2358
v  2666.7468 2424.7910 -1873.2358
v  2669.7468 2435.3792 -1846.5325
v  2669.7468 2435.3792 -1862.3433
v  2666.7468 2435.3792 -1862.3433
v  2666.7468 2435.3792 -1846.5325
v  2669.7468 2432.4824 -1865.1450
v  2666.7468 2432.4824 -1865.1450
v  2669.7468 2453.8916 -1865.1450
v  2666.7468 2453.8916 -1865.1450
v  2669.7468 2453.8916 -1843.7358
v  2666.7468 2453.8916 -1843.7358
v  2669.7468 2451.0896 -1846.5325
v  2666.7468 2451.0896 -1846.5325
# 360 vertices

vn 0.5469 0.3196 0.7738
vn 0.5774 0.5774 -0.5774
vn -0.5774 0.5774 -0.5774
vn -0.5469 0.3196 0.7738
vn 0.5469 -0.7736 -0.3202
vn -0.5469 -0.7736 -0.3202
vn 0.8043 -0.5490 0.2276
vn -0.8043 -0.5490 0.2276
vn 0.5774 -0.5774 0.5774
vn -0.5774 -0.5774 0.5774
vn 0.9045 -0.3015 0.3015
vn -0.9045 -0.3015 0.3015
vn 0.9769 -0.0819 -0.1974
vn -0.9769 -0.0819 -0.1974
vn 0.6304 0.2968 -0.7173
vn -0.6304 0.2968 -0.7173
vn 0.8045 -0.2279 0.5485
vn -0.8045 -0.2279 0.5485
vn 0.5474 0.3268 0.7705
vn -0.5474 0.3268 0.7705
vn 0.8020 -0.2239 0.5538
vn 0.6317 -0.2906 0.7187
vn 0.6303 0.7174 -0.2968
vn -0.6303 0.7174 -0.2968
vn -0.9045 0.3015 -0.3015
vn 0.9769 0.1976 0.0819
vn -0.9769 0.1976 0.0819
vn 0.9758 -0.0856 -0.2014
vn -0.9758 -0.0856 -0.2014
vn 0.6318 0.2900 -0.7188
vn -0.6318 0.2900 -0.7188
vn 0.6042 -0.6733 0.4262
vn -0.6042 -0.6733 0.4262
vn 0.9984 -0.0536 -0.0185
vn -0.9984 -0.0536 -0.0185
vn 0.6829 0.0811 -0.7260
vn -0.6829 0.0811 -0.7260
vn 0.5474 -0.7704 -0.3268
vn -0.5474 -0.7704 -0.3268
vn -0.6317 -0.7187 0.2906
vn 0.6317 -0.7187 0.2906
vn -0.6301 -0.2979 0.7171
vn 0.6301 -0.2979 0.7171
vn 0.6042 0.6732 -0.4262
vn -0.6042 0.6732 -0.4262
vn 0.6835 0.2388 -0.6897
vn -0.6835 0.2388 -0.6897
vn -0.5379 0.8376 0.0953
vn 0.5379 0.8376 0.0953
vn -0.6301 -0.2980 0.7171
vn 0.6301 -0.2980 0.7171
vn 0.5554 0.4228 0.7161
vn -0.5554 0.4228 0.7161
vn 0.5474 -0.7704 -0.3269
vn -0.5474 -0.7704 -0.3269
vn 0.8019 -0.5539 0.2239
vn -0.8019 -0.5539 0.2239
vn -0.5380 -0.8363 0.1057
vn 0.5380 -0.8363 0.1057
vn 0.6783 -0.2761 -0.6809
vn -0.6783 -0.2761 -0.6809
vn 0.5413 -0.8127 0.2157
vn -0.5413 -0.8127 0.2157
vn 0.7693 -0.1630 0.6178
vn -0.7693 -0.1630 0.6178
vn 0.9978 -0.0615 -0.0251
vn -0.9978 -0.0615 -0.0251
vn 0.6791 0.0951 -0.7279
vn -0.6791 0.0951 -0.7279
vn 0.8020 -0.5538 0.2239
vn -0.8020 -0.5538 0.2239
vn -0.6317 -0.2905 0.7187
vn 0.6317 -0.2905 0.7187
vn 0.5474 0.3269 0.7704
vn -0.5474 0.3269 0.7704
vn 0.6089 0.6839 -0.4018
vn -0.6089 0.6839 -0.4018
vn 0.6546 0.1901 -0.7316
vn -0.6546 0.1901 -0.7316
vn 0.9907 0.1314 -0.0342
vn -0.9907 0.1314 -0.0342
vn 0.8342 0.0014 0.5514
vn -0.8342 0.0014 0.5514
vn 0.5474 -0.7705 -0.3268
vn -0.5474 -0.7705 -0.3268
vn -0.6303 -0.2971 0.7173
vn 0.6303 -0.2971 0.7173
vn 0.5469 0.3204 0.7735
vn -0.5469 0.3204 0.7735
vn 0.6303 0.7173 -0.2971
vn -0.6303 0.7173 -0.2971
vn -0.5469 0.7735 0.3204
vn 0.5469 0.7735 0.3204
vn 0.8065 -0.2310 0.5442
vn -0.8065 -0.2310 0.5442
vn 0.5465 0.3137 0.7765
vn -0.5465 0.3137 0.7765
vn 0.6317 0.7188 -0.2904
vn -0.6317 0.7188 -0.2904
vn 0.9758 0.2012 0.0854
vn -0.9758 0.2012 0.0854
vn 0.5469 -0.7734 -0.3204
vn -0.5469 -0.7734 -0.3204
vn 0.8043 -0.5489 0.2275
vn -0.8043 -0.5489 0.2275
vn 0.6289 0.7158 -0.3035
vn -0.6289 0.7158 -0.3035
vn -0.5465 0.7763 0.3140
vn 0.5465 0.7763 0.3140
vn 0.9769 -0.0819 -0.1975
vn 0.5469 -0.3206 -0.7733
vn 0.6303 0.2968 -0.7173
vn -0.6303 0.2968 -0.7173
vn 0.6303 0.2969 -0.7173
vn -0.6303 0.2969 -0.7173
vn -0.9769 -0.0819 -0.1975
vn -0.6302 -0.7172 0.2973
vn 0.6302 -0.7172 0.2973
vn 0.9045 0.3015 -0.3015
vn -0.5469 0.7733 0.3207
vn 0.5469 0.7733 0.3207
vn -0.6301 -0.2981 0.7171
vn 0.6301 -0.2981 0.7171
vn 0.5469 0.3194 0.7739
vn -0.5469 0.3194 0.7739
vn 0.9780 -0.0783 -0.1936
vn -0.9780 -0.0783 -0.1936
vn 0.6289 0.3036 -0.7158
vn -0.6289 0.3036 -0.7158
vn -0.6301 -0.2980 0.7170
vn 0.6301 -0.2980 0.7170
vn 0.5483 0.3402 0.7640
vn 0.5826 0.6019 -0.5461
vn -0.5826 0.6019 -0.5461
vn -0.5483 0.3402 0.7640
vn 0.5462 -0.7452 -0.3827
vn -0.5462 -0.7452 -0.3827
vn 0.7955 -0.5672 0.2132
vn -0.7955 -0.5672 0.2132
vn 0.5823 -0.6005 0.5480
vn -0.5823 -0.6005 0.5480
vn 0.9734 -0.0934 -0.2092
vn 0.5484 -0.3410 -0.7636
vn 0.6272 0.2446 -0.7394
vn -0.6272 0.2446 -0.7394
vn 0.5484 -0.7916 -0.2696
vn -0.5484 -0.7916 -0.2696
vn 0.8091 -0.5387 0.2350
vn -0.8091 -0.5387 0.2350
vn 0.5725 -0.5512 0.6070
vn -0.5725 -0.5512 0.6070
vn -0.6267 -0.2439 0.7401
vn -0.8099 -0.1836 0.5571
vn 0.9151 0.2718 -0.2979
vn 0.6344 0.7213 -0.2780
vn -0.6344 0.7213 -0.2780
vn -0.9151 0.2718 -0.2979
vn -0.5458 0.7491 0.3754
vn 0.5458 0.7491 0.3754
vn -0.5825 -0.6012 0.5471
vn -0.8933 -0.3324 0.3025
vn -0.5484 -0.3411 -0.7635
vn 0.5484 -0.3411 -0.7635
vn 0.6272 0.2445 -0.7395
vn -0.6272 0.2445 -0.7395
vn 0.9900 -0.0368 -0.1362
vn 0.6514 0.5287 -0.5442
vn -0.6514 0.5287 -0.5442
vn -0.9900 -0.0368 -0.1362
vn 0.5416 -0.6048 -0.5838
vn -0.5416 -0.6048 -0.5838
vn -0.6522 -0.7311 0.2002
vn 0.6522 -0.7311 0.2002
vn 0.6051 -0.6753 0.4216
vn -0.6051 -0.6753 0.4216
vn 0.8477 -0.4500 0.2809
vn -0.8477 -0.4500 0.2809
vn -0.5474 -0.3273 -0.7702
vn 0.5474 -0.3273 -0.7702
vn 0.6318 0.2901 -0.7188
vn -0.6318 0.2901 -0.7188
vn 0.5465 -0.7765 -0.3137
vn -0.5465 -0.7765 -0.3137
vn -0.6288 -0.7157 0.3040
vn 0.6288 -0.7157 0.3040
vn 0.8068 -0.2315 0.5436
vn -0.8068 -0.2315 0.5436
vn 0.5464 0.3128 0.7769
vn -0.5464 0.3128 0.7769
vn 0.5474 -0.7703 -0.3270
vn -0.5474 -0.7703 -0.3270
vn -0.6317 -0.7187 0.2905
vn 0.6317 -0.7187 0.2905
vn 0.9779 0.1937 0.0783
vn -0.5469 -0.3207 -0.7733
vn 0.5469 -0.3207 -0.7733
vn 0.6303 0.2968 -0.7174
vn -0.6303 0.2968 -0.7174
# 198 vertex normals

o Text007
g Text007
usemtl wire_225198087
s 1
f 1041//619 1042//620 1043//621 1044//622 
s 4
f 1042//620 1045//623 1046//624 1043//621 
s 2
f 1045//623 1047//625 1048//626 1046//624 
s 4
f 1047//625 1049//627 1050//628 1048//626 
s 2
f 1049//627 1051//629 1052//630 1050//628 
s 4
f 1051//629 1053//631 1054//632 1052//630 
s 2
f 1053//631 1055//633 1056//634 1054//632 
s 4
f 1055//633 1057//623 1058//624 1056//634 
s 2
f 1057//623 1059//625 1060//626 1058//624 
s 4
f 1059//625 1061//627 1062//628 1060//626 
s 2
f 1061//627 1063//635 1064//636 1062//628 
s 4
f 1063//635 1041//619 1044//622 1064//636 
s 1
f 1065//637 1066//620 1067//621 1068//638 
s 4
f 1066//620 1069//623 1070//624 1067//621 
s 2
f 1069//623 1071//625 1072//626 1070//624 
s 4
f 1071//625 1073//627 1074//628 1072//626 
s 2
f 1073//627 1075//629 1076//630 1074//628 
s 4
f 1075//629 1077//627 1078//628 1076//630 
s 2
f 1077//627 1079//639 1080//640 1078//628 
s 4
f 1079//639 1065//637 1068//638 1080//640 
s 1
f 1081//621 1082//641 1083//642 1084//643 
s 4
f 1082//641 1085//644 1086//645 1083//642 
s 2
f 1085//644 1087//628 1088//630 1086//645 
s 4
f 1087//628 1089//646 1090//647 1088//630 
s 2
f 1089//646 1091//648 1092//649 1090//647 
s 4
f 1091//648 1081//621 1084//643 1092//649 
s 1
f 1093//619 1094//620 1095//621 1096//622 
s 4
f 1094//620 1097//623 1098//624 1095//621 
s 2
f 1097//623 1099//625 1100//626 1098//624 
s 4
f 1099//625 1101//650 1102//651 1100//626 
s 2
f 1101//650 1103//652 1104//653 1102//651 
s 4
f 1103//652 1105//654 1106//655 1104//653 
s 2
f 1105//654 1107//656 1108//657 1106//655 
s 4
f 1107//656 1109//658 1110//659 1108//657 
s 2
f 1109//658 1111//627 1112//628 1110//659 
s 4
f 1111//627 1113//660 1114//661 1112//628 
s 2
f 1113//660 1115//619 1116//622 1114//661 
s 4
f 1115//619 1117//662 1118//663 1116//622 
s 2
f 1117//662 1119//664 1120//665 1118//663 
s 4
f 1119//664 1121//666 1122//667 1120//665 
s 2
f 1121//666 1123//668 1124//669 1122//667 
s 4
f 1123//668 1093//619 1096//622 1124//669 
s 1
f 1125//670 1126//620 1127//621 1128//671 
s 4
f 1126//620 1129//672 1130//673 1127//621 
s 2
f 1129//672 1131//674 1132//675 1130//673 
s 4
f 1131//674 1133//627 1134//628 1132//675 
s 2
f 1133//627 1135//676 1136//677 1134//628 
s 4
f 1135//676 1137//678 1138//679 1136//677 
s 2
f 1137//678 1139//680 1140//681 1138//679 
s 4
f 1139//680 1141//682 1142//683 1140//681 
s 2
f 1141//682 1143//684 1144//685 1142//683 
s 4
f 1143//684 1145//686 1146//687 1144//685 
s 2
f 1145//686 1147//656 1148//657 1146//687 
s 4
f 1147//656 1149//688 1150//689 1148//657 
s 2
f 1149//688 1151//627 1152//628 1150//689 
s 4
f 1151//627 1153//690 1154//691 1152//628 
s 2
f 1153//690 1155//692 1156//693 1154//691 
s 4
f 1155//692 1157//694 1158//695 1156//693 
s 2
f 1157//694 1159//696 1160//697 1158//695 
s 4
f 1159//696 1161//698 1162//699 1160//697 
s 2
f 1161//698 1163//700 1164//701 1162//699 
s 4
f 1163//700 1125//670 1128//671 1164//701 
s 1
f 1165//619 1166//620 1167//621 1168//622 
s 4
f 1166//620 1169//702 1170//703 1167//621 
s 2
f 1169//702 1171//688 1172//689 1170//703 
s 4
f 1171//688 1173//627 1174//628 1172//689 
s 2
f 1173//627 1175//704 1176//705 1174//628 
s 4
f 1175//704 1177//706 1178//707 1176//705 
s 2
f 1177//706 1179//708 1180//709 1178//707 
s 4
f 1179//708 1181//710 1182//711 1180//709 
s 2
f 1181//710 1183//629 1184//630 1182//711 
s 4
f 1183//629 1185//627 1186//628 1184//630 
s 2
f 1185//627 1187//712 1188//713 1186//628 
s 4
f 1187//712 1189//714 1190//715 1188//713 
s 2
f 1189//714 1191//716 1192//717 1190//715 
s 4
f 1191//716 1193//718 1194//719 1192//717 
s 2
f 1193//718 1195//629 1196//630 1194//719 
s 4
f 1195//629 1197//627 1198//628 1196//630 
s 2
f 1197//627 1199//635 1200//636 1198//628 
s 4
f 1199//635 1165//619 1168//622 1200//636 
s 1
f 1201//637 1202//620 1203//621 1204//638 
s 4
f 1202//620 1205//623 1206//624 1203//621 
s 2
f 1205//623 1207//625 1208//626 1206//624 
s 4
f 1207//625 1209//627 1210//628 1208//626 
s 2
f 1209//627 1211//629 1212//630 1210//628 
s 4
f 1211//629 1213//627 1214//628 1212//630 
s 2
f 1213//627 1215//639 1216//640 1214//628 
s 4
f 1215//639 1201//637 1204//638 1216//640 
s 1
f 1217//621 1218//641 1219//642 1220//643 
s 4
f 1218//641 1221//644 1222//645 1219//642 
s 2
f 1221//644 1223//628 1224//630 1222//645 
s 4
f 1223//628 1225//646 1226//647 1224//630 
s 2
f 1225//646 1227//648 1228//649 1226//647 
s 4
f 1227//648 1217//621 1220//643 1228//649 
s 1
f 1229//619 1230//620 1231//621 1232//622 
s 4
f 1230//620 1233//720 1234//721 1231//621 
s 2
f 1233//720 1235//722 1236//723 1234//721 
s 4
f 1235//722 1237//627 1238//628 1236//723 
s 2
f 1237//627 1239//660 1240//636 1238//628 
s 4
f 1239//660 1229//619 1232//622 1240//636 
s 1
f 1241//621 1242//724 1243//725 1244//643 
s 4
f 1242//724 1245//726 1246//727 1243//725 
s 2
f 1245//726 1247//628 1248//630 1246//727 
s 4
f 1247//628 1249//728 1250//729 1248//630 
s 2
f 1249//728 1251//730 1252//731 1250//729 
s 4
f 1251//730 1241//621 1244//643 1252//731 
s 1
f 1253//728 1254//732 1255//733 1256//734 
s 4
f 1254//732 1257//623 1258//624 1255//733 
s 2
f 1257//623 1259//735 1260//736 1258//624 
s 4
f 1259//735 1261//627 1262//628 1260//736 
s 2
f 1261//627 1263//660 1264//661 1262//628 
s 4
f 1263//660 1265//619 1266//622 1264//661 
s 2
f 1265//619 1267//620 1268//621 1266//622 
s 4
f 1267//620 1269//737 1270//643 1268//621 
s 2
f 1269//737 1271//641 1272//642 1270//643 
s 4
f 1271//641 1273//738 1274//739 1272//642 
s 2
f 1273//738 1275//740 1276//741 1274//739 
s 4
f 1275//740 1277//742 1278//743 1276//741 
s 2
f 1277//742 1279//620 1280//621 1278//743 
s 4
f 1279//620 1281//623 1282//624 1280//621 
s 2
f 1281//623 1283//625 1284//626 1282//624 
s 4
f 1283//625 1253//728 1256//734 1284//626 
s 1
f 1285//619 1286//620 1287//621 1288//622 
s 4
f 1286//620 1289//656 1290//657 1287//621 
s 2
f 1289//656 1291//688 1292//689 1290//657 
s 4
f 1291//688 1293//627 1294//628 1292//689 
s 2
f 1293//627 1295//629 1296//630 1294//628 
s 4
f 1295//629 1297//744 1298//745 1296//630 
s 2
f 1297//744 1299//746 1300//747 1298//745 
s 4
f 1299//746 1301//702 1302//703 1300//747 
s 2
f 1301//702 1303//658 1304//659 1302//703 
s 4
f 1303//658 1305//627 1306//628 1304//659 
s 2
f 1305//627 1307//660 1308//661 1306//628 
s 4
f 1307//660 1309//619 1310//622 1308//661 
s 2
f 1309//619 1311//620 1312//621 1310//622 
s 4
f 1311//620 1313//737 1314//643 1312//621 
s 2
f 1313//737 1315//641 1316//642 1314//643 
s 4
f 1315//641 1317//644 1318//645 1316//642 
s 2
f 1317//644 1319//748 1320//749 1318//645 
s 4
f 1319//748 1285//619 1288//622 1320//749 
s 1
f 1321//750 1322//751 1323//752 1324//753 
s 4
f 1322//751 1325//754 1326//755 1323//752 
s 2
f 1325//754 1327//756 1328//757 1326//755 
s 4
f 1327//756 1329//758 1330//759 1328//757 
s 2
f 1329//758 1331//759 1332//758 1330//759 
s 4
f 1331//759 1333//760 1334//761 1332//758 
s 2
f 1333//760 1335//762 1336//763 1334//761 
s 4
f 1335//762 1337//764 1338//765 1336//763 
s 2
f 1337//764 1339//766 1340//767 1338//765 
s 4
f 1339//766 1341//768 1342//769 1340//767 
s 2
f 1341//768 1343//770 1344//771 1342//769 
s 4
f 1343//770 1321//750 1324//753 1344//771 
s 1
f 1345//772 1346//773 1347//774 1348//775 
s 4
f 1346//773 1349//776 1350//777 1347//774 
s 2
f 1349//776 1351//778 1352//779 1350//777 
s 4
f 1351//778 1353//780 1354//781 1352//779 
s 2
f 1353//780 1355//782 1356//783 1354//781 
s 4
f 1355//782 1345//772 1348//775 1356//783 
s 1
f 1357//784 1358//785 1359//786 1360//787 
s 4
f 1358//785 1361//788 1362//789 1359//786 
s 2
f 1361//788 1363//790 1364//791 1362//789 
s 4
f 1363//790 1365//792 1366//793 1364//791 
s 2
f 1365//792 1367//794 1368//795 1366//793 
s 4
f 1367//794 1369//796 1370//797 1368//795 
s 2
f 1369//796 1371//798 1372//799 1370//797 
s 4
f 1371//798 1373//800 1374//801 1372//799 
s 2
f 1373//800 1375//802 1376//803 1374//801 
s 4
f 1375//802 1377//627 1378//628 1376//803 
s 2
f 1377//627 1379//804 1380//805 1378//628 
s 4
f 1379//804 1381//806 1382//807 1380//805 
s 2
f 1381//806 1383//620 1384//621 1382//807 
s 4
f 1383//620 1385//808 1386//809 1384//621 
s 2
f 1385//808 1387//810 1388//811 1386//809 
s 4
f 1387//810 1357//784 1360//787 1388//811 
s 1
f 1389//737 1390//724 1391//725 1392//643 
s 4
f 1390//724 1393//812 1394//727 1391//725 
s 2
f 1393//812 1395//629 1396//630 1394//727 
s 4
f 1395//629 1397//813 1398//814 1396//630 
s 2
f 1397//813 1399//815 1400//816 1398//814 
s 4
f 1399//815 1389//737 1392//643 1400//816 
s 16
f 1063//635 1051//629 1042//620 1041//619 
f 1055//633 1053//631 1059//625 1057//623 
f 1042//620 1051//629 1047//625 1045//623 
f 1059//625 1053//631 1063//635 1061//627 
f 1047//625 1051//629 1049//627 
f 1063//635 1053//631 1051//629 
f 1065//637 1079//639 1089//646 1087//628 
f 1087//628 1071//625 1066//620 1065//637 
f 1066//620 1071//625 1069//623 
f 1085//644 1075//629 1071//625 1087//628 
f 1077//627 1091//648 1089//646 1079//639 
f 1077//627 1075//629 1081//621 1091//648 
f 1075//629 1085//644 1082//641 1081//621 
f 1073//627 1071//625 1075//629 
f 1123//668 1099//625 1094//620 1093//619 
f 1113//660 1103//652 1117//662 1115//619 
f 1094//620 1099//625 1097//623 
f 1105//654 1111//627 1109//658 1107//656 
f 1121//666 1101//650 1099//625 1123//668 
f 1121//666 1119//664 1103//652 1101//650 
f 1117//662 1103//652 1119//664 
f 1111//627 1105//654 1103//652 1113//660 
f 1137//678 1161//698 1141//682 1139//680 
f 1145//686 1153//690 1149//688 1147//656 
f 1126//620 1163//700 1131//674 1129//672 
f 1153//690 1143//684 1157//694 1155//692 
f 1163//700 1126//620 1125//670 
f 1149//688 1153//690 1151//627 
f 1143//684 1153//690 1145//686 
f 1143//684 1161//698 1159//696 1157//694 
f 1131//674 1163//700 1135//676 1133//627 
f 1161//698 1137//678 1135//676 1163//700 
f 1161//698 1143//684 1141//682 
f 1187//712 1183//629 1191//716 1189//714 
f 1199//635 1195//629 1166//620 1165//619 
f 1175//704 1173//627 1179//708 1177//706 
f 1166//620 1195//629 1171//688 1169//702 
f 1195//629 1199//635 1197//627 
f 1193//718 1183//629 1171//688 1195//629 
f 1183//629 1187//712 1185//627 
f 1183//629 1193//718 1191//716 
f 1181//710 1173//627 1171//688 1183//629 
f 1179//708 1173//627 1181//710 
f 1223//628 1207//625 1202//620 1201//637 
f 1201//637 1215//639 1225//646 1223//628 
f 1202//620 1207//625 1205//623 
f 1221//644 1211//629 1207//625 1223//628 
f 1213//627 1227//648 1225//646 1215//639 
f 1213//627 1211//629 1217//621 1227//648 
f 1211//629 1221//644 1218//641 1217//621 
f 1209//627 1207//625 1211//629 
f 1247//628 1235//722 1230//620 1229//619 
f 1239//660 1249//728 1247//628 1229//619 
f 1237//627 1251//730 1249//728 1239//660 
f 1230//620 1235//722 1233//720 
f 1245//726 1237//627 1235//722 1247//628 
f 1237//627 1245//726 1241//621 1251//730 
f 1245//726 1242//724 1241//621 
f 1275//740 1283//625 1279//620 1277//742 
f 1263//660 1269//737 1267//620 1265//619 
f 1279//620 1283//625 1281//623 
f 1254//732 1261//627 1259//735 1257//623 
f 1273//738 1253//728 1283//625 1275//740 
f 1271//641 1269//737 1253//728 1273//738 
f 1261//627 1253//728 1269//737 1263//660 
f 1261//627 1254//732 1253//728 
f 1319//748 1291//688 1286//620 1285//619 
f 1307//660 1313//737 1311//620 1309//619 
f 1299//746 1305//627 1303//658 1301//702 
f 1286//620 1291//688 1289//656 
f 1317//644 1295//629 1291//688 1319//748 
f 1305//627 1297//744 1313//737 1307//660 
f 1291//688 1295//629 1293//627 
f 1317//644 1315//641 1297//744 1295//629 
f 1313//737 1297//744 1315//641 
f 1305//627 1299//746 1297//744 
f 1343//770 1353//780 1351//778 1321//750 
f 1351//778 1327//756 1322//751 1321//750 
f 1322//751 1327//756 1325//754 
f 1349//776 1329//758 1327//756 1351//778 
f 1341//768 1355//782 1353//780 1343//770 
f 1335//762 1333//760 1339//766 1337//764 
f 1341//768 1333//760 1345//772 1355//782 
f 1349//776 1333//760 1331//759 1329//758 
f 1346//773 1345//772 1333//760 1349//776 
f 1339//766 1333//760 1341//768 
f 1358//785 1365//792 1363//790 1361//788 
f 1357//784 1393//812 1390//724 1389//737 
f 1379//804 1395//629 1383//620 1381//806 
f 1371//798 1377//627 1375//802 1373//800 
f 1383//620 1393//812 1387//810 1385//808 
f 1358//785 1357//784 1367//794 1365//792 
f 1389//737 1369//796 1367//794 1357//784 
f 1387//810 1393//812 1357//784 
f 1383//620 1395//629 1393//812 
f 1379//804 1377//627 1397//813 1395//629 
f 1377//627 1389//737 1399//815 1397//813 
f 1377//627 1371//798 1369//796 1389//737 
f 1064//636 1044//622 1043//621 1052//630 
f 1056//634 1058//624 1060//626 1054//632 
f 1043//621 1046//624 1048//626 1052//630 
f 1060//626 1062//628 1064//636 1054//632 
f 1048//626 1050//628 1052//630 
f 1064//636 1052//630 1054//632 
f 1068//638 1067//621 1088//630 1090//647 
f 1080//640 1068//638 1090//647 1078//628 
f 1067//621 1070//624 1072//626 1088//630 
f 1086//645 1088//630 1072//626 1076//630 
f 1078//628 1090//647 1092//649 1084//643 
f 1076//630 1078//628 1084//643 1083//642 
f 1076//630 1083//642 1086//645 
f 1074//628 1076//630 1072//626 
f 1124//669 1096//622 1095//621 1100//626 
f 1114//661 1116//622 1118//663 1104//653 
f 1095//621 1098//624 1100//626 
f 1106//655 1108//657 1110//659 1112//628 
f 1122//667 1124//669 1100//626 1102//651 
f 1122//667 1102//651 1104//653 1120//665 
f 1118//663 1120//665 1104//653 
f 1112//628 1114//661 1104//653 1106//655 
f 1138//679 1140//681 1142//683 1162//699 
f 1146//687 1148//657 1150//689 1154//691 
f 1127//621 1130//673 1132//675 1164//701 
f 1154//691 1156//693 1158//695 1144//685 
f 1164//701 1128//671 1127//621 
f 1150//689 1152//628 1154//691 
f 1144//685 1146//687 1154//691 
f 1144//685 1158//695 1160//697 1162//699 
f 1132//675 1134//628 1136//677 1164//701 
f 1162//699 1164//701 1136//677 1138//679 
f 1162//699 1142//683 1144//685 
f 1188//713 1190//715 1192//717 1184//630 
f 1200//636 1168//622 1167//621 1196//630 
f 1176//705 1178//707 1180//709 1174//628 
f 1167//621 1170//703 1172//689 1196//630 
f 1196//630 1198//628 1200//636 
f 1194//719 1196//630 1172//689 1184//630 
f 1184//630 1186//628 1188//713 
f 1184//630 1192//717 1194//719 
f 1182//711 1184//630 1172//689 1174//628 
f 1180//709 1182//711 1174//628 
f 1224//630 1226//647 1204//638 1203//621 
f 1216//640 1204//638 1226//647 1214//628 
f 1203//621 1206//624 1208//626 1224//630 
f 1222//645 1224//630 1208//626 1212//630 
f 1214//628 1226//647 1228//649 1220//643 
f 1212//630 1214//628 1220//643 1219//642 
f 1212//630 1219//642 1222//645 
f 1210//628 1212//630 1208//626 
f 1248//630 1240//636 1232//622 1231//621 
f 1240//636 1248//630 1250//729 1238//628 
f 1231//621 1234//721 1236//723 1248//630 
f 1246//727 1248//630 1236//723 1238//628 
f 1238//628 1250//729 1252//731 1244//643 
f 1246//727 1238//628 1244//643 1243//725 
f 1276//741 1278//743 1280//621 1284//626 
f 1264//661 1266//622 1268//621 1270//643 
f 1280//621 1282//624 1284//626 
f 1255//733 1258//624 1260//736 1262//628 
f 1274//739 1276//741 1284//626 1256//734 
f 1272//642 1274//739 1256//734 1270//643 
f 1262//628 1264//661 1270//643 1256//734 
f 1262//628 1256//734 1255//733 
f 1320//749 1288//622 1287//621 1292//689 
f 1308//661 1310//622 1312//621 1314//643 
f 1300//747 1302//703 1304//659 1306//628 
f 1287//621 1290//657 1292//689 
f 1318//645 1320//749 1292//689 1296//630 
f 1306//628 1308//661 1314//643 1298//745 
f 1292//689 1294//628 1296//630 
f 1318//645 1296//630 1298//745 1316//642 
f 1314//643 1316//642 1298//745 
f 1306//628 1298//745 1300//747 
f 1344//771 1324//753 1323//752 1352//779 
f 1344//771 1352//779 1354//781 1342//769 
f 1323//752 1326//755 1328//757 1352//779 
f 1350//777 1352//779 1328//757 1330//759 
f 1336//763 1338//765 1340//767 1334//761 
f 1342//769 1354//781 1356//783 1348//775 
f 1350//777 1330//759 1332//758 1334//761 
f 1347//774 1350//777 1334//761 1348//775 
f 1342//769 1348//775 1334//761 1340//767 
f 1359//786 1362//789 1364//791 1366//793 
f 1360//787 1368//795 1392//643 1391//725 
f 1360//787 1391//725 1394//727 1388//811 
f 1380//805 1382//807 1384//621 1396//630 
f 1372//799 1374//801 1376//803 1378//628 
f 1384//621 1386//809 1388//811 1394//727 
f 1359//786 1366//793 1368//795 1360//787 
f 1392//643 1368//795 1370//797 1378//628 
f 1384//621 1394//727 1396//630 
f 1380//805 1396//630 1398//814 1378//628 
f 1378//628 1398//814 1400//816 1392//643 
f 1378//628 1370//797 1372//799 
# 322 polygons - 52 triangles

#
# object Rectangle223105
#

v  2672.7471 2617.5354 -961.9543
v  2672.7471 2617.5354 -1411.9543
v  2669.7471 2617.5354 -1411.9543
v  2669.7471 2617.5354 -961.9543
v  2672.7471 2247.5354 -1411.9543
v  2669.7471 2247.5354 -1411.9543
v  2672.7471 2247.5354 -961.9543
v  2669.7471 2247.5354 -961.9543
# 8 vertices

vn 0.5774 0.5774 0.5774
vn 0.5774 0.5774 -0.5774
vn -0.5774 0.5774 -0.5774
vn -0.5774 0.5774 0.5774
vn 0.5774 -0.5774 -0.5774
vn -0.5774 -0.5774 -0.5774
vn 0.5774 -0.5774 0.5774
vn -0.5774 -0.5774 0.5774
# 8 vertex normals

vt 1.0076 1.0048 -0.0968
vt 0.4082 1.0048 -0.0968
vt 0.4082 1.0048 1.0967
vt 1.0076 1.0048 1.0967
vt 0.4082 0.1589 -0.0968
vt 0.4082 0.1589 1.0967
vt 1.0076 0.1589 -0.0968
vt 1.0076 0.1589 1.0967
# 8 texture coords

o Rectangle223105
g Rectangle223105
usemtl wire_225198087
s 1
f 1401/1/817 1402/2/818 1403/3/819 1404/4/820 
s 4
f 1402/2/818 1405/5/821 1406/6/822 1403/3/819 
s 2
f 1405/5/821 1407/7/823 1408/8/824 1406/6/822 
s 4
f 1407/7/823 1401/1/817 1404/4/820 1408/8/824 
s 16
f 1405/5/821 1402/2/818 1401/1/817 1407/7/823 
f 1406/6/822 1408/8/824 1404/4/820 1403/3/819 
# 6 polygons

#
# object Rectangle223106
#

v  2672.7471 2617.5354 -534.2935
v  2672.7471 2617.5354 -904.2935
v  2669.7471 2617.5354 -904.2935
v  2669.7471 2617.5354 -534.2935
v  2672.7471 2247.5354 -904.2935
v  2669.7471 2247.5354 -904.2935
v  2672.7471 2247.5354 -534.2935
v  2669.7471 2247.5354 -534.2935
# 8 vertices

vn 0.5774 0.5774 0.5774
vn 0.5774 0.5774 -0.5774
vn -0.5774 0.5774 -0.5774
vn -0.5774 0.5774 0.5774
vn 0.5774 -0.5774 -0.5774
vn -0.5774 -0.5774 -0.5774
vn 0.5774 -0.5774 0.5774
vn -0.5774 -0.5774 0.5774
# 8 vertex normals

vt 0.7768 0.9921 -0.2661
vt 0.2232 0.9921 -0.2661
vt 0.2232 0.9921 1.2661
vt 0.7768 0.9921 1.2661
vt 0.2232 0.0079 -0.2661
vt 0.2232 0.0079 1.2661
vt 0.7768 0.0079 -0.2661
vt 0.7768 0.0079 1.2661
# 8 texture coords

o Rectangle223106
g Rectangle223106
usemtl wire_225198087
s 1
f 1409/9/825 1410/10/826 1411/11/827 1412/12/828 
s 4
f 1410/10/826 1413/13/829 1414/14/830 1411/11/827 
s 2
f 1413/13/829 1415/15/831 1416/16/832 1414/14/830 
s 4
f 1415/15/831 1409/9/825 1412/12/828 1416/16/832 
s 16
f 1413/13/829 1410/10/826 1409/9/825 1415/15/831 
f 1414/14/830 1416/16/832 1412/12/828 1411/11/827 
# 6 polygons

#
# object Rectangle223112
#

v  2672.7471 2617.5352 -1688.2903
v  2672.7471 2617.5352 -2548.7874
v  2669.7471 2617.5352 -2548.7874
v  2669.7471 2617.5352 -1688.2903
v  2672.7471 2247.5354 -2548.7874
v  2669.7471 2247.5354 -2548.7874
v  2672.7471 2247.5354 -1688.2903
v  2669.7471 2247.5354 -1688.2903
# 8 vertices

vn 0.5774 0.5774 0.5774
vn 0.5774 0.5774 -0.5774
vn -0.5774 0.5774 -0.5774
vn -0.5774 0.5774 0.5774
vn 0.5774 -0.5774 -0.5774
vn -0.5774 -0.5774 -0.5774
vn 0.5774 -0.5774 0.5774
vn -0.5774 -0.5774 0.5774
# 8 vertex normals

o Rectangle223112
g Rectangle223112
usemtl wire_225198087
s 1
f 1417//833 1418//834 1419//835 1420//836 
s 4
f 1418//834 1421//837 1422//838 1419//835 
s 2
f 1421//837 1423//839 1424//840 1422//838 
s 4
f 1423//839 1417//833 1420//836 1424//840 
s 16
f 1421//837 1418//834 1417//833 1423//839 
f 1422//838 1424//840 1420//836 1419//835 
# 6 polygons

#
# object Rectangle223109
#

v  2672.7471 2247.5354 294.9264
v  2672.7471 2247.5354 -5.0736
v  2669.7471 2247.5354 -5.0736
v  2669.7471 2247.5354 294.9264
v  2672.7471 1352.5354 -5.0736
v  2669.7471 1352.5354 -5.0736
v  2672.7471 1352.5354 294.9264
v  2669.7471 1352.5354 294.9264
# 8 vertices

vn 0.5774 0.5774 0.5774
vn 0.5774 0.5774 -0.5774
vn -0.5774 0.5774 -0.5774
vn -0.5774 0.5774 0.5774
vn 0.5774 -0.5774 -0.5774
vn -0.5774 -0.5774 -0.5774
vn 0.5774 -0.5774 0.5774
vn -0.5774 -0.5774 0.5774
# 8 vertex normals

vt 0.6204 1.0008 0.1777
vt 0.4316 1.0008 0.1777
vt 0.4316 1.0008 0.8223
vt 0.6204 1.0008 0.8223
vt 0.4316 -0.0008 0.1777
vt 0.4316 -0.0008 0.8223
vt 0.6204 -0.0008 0.1777
vt 0.6204 -0.0008 0.8223
# 8 texture coords

o Rectangle223109
g Rectangle223109
usemtl wire_225198087
s 1
f 1425/17/841 1426/18/842 1427/19/843 1428/20/844 
s 4
f 1426/18/842 1429/21/845 1430/22/846 1427/19/843 
s 2
f 1429/21/845 1431/23/847 1432/24/848 1430/22/846 
s 4
f 1431/23/847 1425/17/841 1428/20/844 1432/24/848 
s 16
f 1429/21/845 1426/18/842 1425/17/841 1431/23/847 
f 1430/22/846 1432/24/848 1428/20/844 1427/19/843 
# 6 polygons

#
# object Rectangle223108
#

v  2672.7471 1752.5354 -70.2692
v  2672.7471 1752.5354 -370.2692
v  2669.7471 1752.5354 -370.2692
v  2669.7471 1752.5354 -70.2692
v  2672.7471 1352.5354 -370.2692
v  2669.7471 1352.5354 -370.2692
v  2672.7471 1352.5354 -70.2692
v  2669.7471 1352.5354 -70.2692
# 8 vertices

vn 0.5774 0.5774 0.5774
vn 0.5774 0.5774 -0.5774
vn -0.5774 0.5774 -0.5774
vn -0.5774 0.5774 0.5774
vn 0.5774 -0.5774 -0.5774
vn -0.5774 -0.5774 -0.5774
vn 0.5774 -0.5774 0.5774
vn -0.5774 -0.5774 0.5774
# 8 vertex normals

vt 0.8759 1.0000 0.0000
vt 0.1241 1.0000 0.0000
vt 0.1241 1.0000 1.0000
vt 0.8759 1.0000 1.0000
vt 0.1241 0.0000 0.0000
vt 0.1241 0.0000 1.0000
vt 0.8759 0.0000 0.0000
vt 0.8759 0.0000 1.0000
# 8 texture coords

o Rectangle223108
g Rectangle223108
usemtl wire_225198087
s 1
f 1433/25/849 1434/26/850 1435/27/851 1436/28/852 
s 4
f 1434/26/850 1437/29/853 1438/30/854 1435/27/851 
s 2
f 1437/29/853 1439/31/855 1440/32/856 1438/30/854 
s 4
f 1439/31/855 1433/25/849 1436/28/852 1440/32/856 
s 16
f 1437/29/853 1434/26/850 1433/25/849 1439/31/855 
f 1438/30/854 1440/32/856 1436/28/852 1435/27/851 
# 6 polygons

#
# object Rectangle223107
#

v  2672.7471 2247.5354 -70.2692
v  2672.7471 2247.5354 -370.2692
v  2669.7471 2247.5354 -370.2692
v  2669.7471 2247.5354 -70.2692
v  2672.7471 1847.5354 -370.2692
v  2669.7471 1847.5354 -370.2692
v  2672.7471 1847.5354 -70.2692
v  2669.7471 1847.5354 -70.2692
# 8 vertices

vn 0.5774 0.5774 0.5774
vn 0.5774 0.5774 -0.5774
vn -0.5774 0.5774 -0.5774
vn -0.5774 0.5774 0.5774
vn 0.5774 -0.5774 -0.5774
vn -0.5774 -0.5774 -0.5774
vn 0.5774 -0.5774 0.5774
vn -0.5774 -0.5774 0.5774
# 8 vertex normals

vt 1.0000 1.0000 0.0000
vt 0.0000 1.0000 0.0000
vt 0.0000 1.0000 1.0000
vt 1.0000 1.0000 1.0000
vt -0.0000 0.0000 0.0000
vt -0.0000 0.0000 1.0000
vt 1.0000 0.0000 0.0000
vt 1.0000 0.0000 1.0000
# 8 texture coords

o Rectangle223107
g Rectangle223107
usemtl wire_225198087
s 1
f 1441/33/857 1442/34/858 1443/35/859 1444/36/860 
s 4
f 1442/34/858 1445/37/861 1446/38/862 1443/35/859 
s 2
f 1445/37/861 1447/39/863 1448/40/864 1446/38/862 
s 4
f 1447/39/863 1441/33/857 1444/36/860 1448/40/864 
s 16
f 1445/37/861 1442/34/858 1441/33/857 1447/39/863 
f 1446/38/862 1448/40/864 1444/36/860 1443/35/859 
# 6 polygons

#
# object Text008
#

v  2672.5947 2555.9973 494.3830
v  2672.5947 2555.9973 463.9030
v  2669.5947 2555.9973 463.9030
v  2669.5947 2555.9973 494.3830
v  2672.5947 2539.9175 463.9030
v  2669.5947 2539.9175 463.9030
v  2672.5947 2543.2773 467.3830
v  2669.5947 2543.2773 467.3830
v  2672.5947 2543.2773 507.0880
v  2669.5947 2543.2773 507.0880
v  2672.5947 2614.0774 507.0880
v  2669.5947 2614.0774 507.0880
v  2672.5947 2617.5574 510.4480
v  2669.5947 2617.5574 510.4480
v  2672.5947 2617.5574 463.9030
v  2669.5947 2617.5574 463.9030
v  2672.5947 2601.4773 463.9030
v  2669.5947 2601.4773 463.9030
v  2672.5947 2604.8374 467.3830
v  2669.5947 2604.8374 467.3830
v  2672.5947 2604.8374 497.8589
v  2669.5947 2604.8374 497.8589
v  2672.5947 2601.4773 494.3830
v  2669.5947 2601.4773 494.3830
v  2672.5947 2586.7175 494.3830
v  2669.5947 2586.7175 494.3830
v  2672.5947 2586.7175 473.2630
v  2669.5947 2586.7175 473.2630
v  2672.5947 2570.6375 473.2630
v  2669.5947 2570.6375 473.2630
v  2672.5947 2574.1174 476.7280
v  2669.5947 2574.1174 476.7280
v  2672.5947 2574.1174 497.3795
v  2669.5947 2574.1174 497.3795
v  2672.5947 2570.6375 494.3830
v  2669.5947 2570.6375 494.3830
v  2672.5947 2617.5425 567.4492
v  2672.5947 2617.5425 527.6208
v  2669.5947 2617.5425 527.6208
v  2669.5947 2617.5425 567.4492
v  2672.5947 2539.9175 520.0630
v  2669.5947 2539.9175 520.0630
v  2672.5947 2543.2773 523.9019
v  2669.5947 2543.2773 523.9019
v  2672.5947 2543.2773 533.4991
v  2669.5947 2543.2773 533.4991
v  2672.5947 2561.6375 535.1786
v  2669.5947 2561.6375 535.1786
v  2672.5947 2561.6375 559.7715
v  2669.5947 2561.6375 559.7715
v  2672.5947 2558.1575 556.6523
v  2669.5947 2558.1575 556.6523
v  2672.5947 2539.9175 558.3319
v  2669.5947 2539.9175 558.3319
v  2672.5947 2543.2773 561.4510
v  2669.5947 2543.2773 561.4510
v  2672.5947 2543.2773 571.1680
v  2669.5947 2543.2773 571.1680
v  2672.5947 2614.0774 564.3301
v  2669.5947 2614.0774 564.3301
v  2672.5947 2574.8225 555.2128
v  2672.5947 2574.8225 539.8572
v  2669.5947 2574.8225 539.8572
v  2669.5947 2574.8225 555.2128
v  2672.5947 2571.3464 536.0183
v  2669.5947 2571.3464 536.0183
v  2672.5947 2604.3574 539.1375
v  2669.5947 2604.3574 539.1375
v  2672.5947 2604.3574 555.9326
v  2669.5947 2604.3574 555.9326
v  2672.5947 2600.8755 552.8135
v  2669.5947 2600.8755 552.8135
v  2672.5947 2617.5425 597.4480
v  2672.5947 2617.5425 580.7830
v  2669.5947 2617.5425 580.7830
v  2669.5947 2617.5425 597.4480
v  2672.5947 2539.9175 580.7830
v  2669.5947 2539.9175 580.7830
v  2672.5947 2543.2773 584.2590
v  2669.5947 2543.2773 584.2590
v  2672.5947 2543.2773 593.9680
v  2669.5947 2543.2773 593.9680
v  2672.5947 2574.1174 593.9680
v  2669.5947 2574.1174 593.9680
v  2672.5947 2574.1174 607.1680
v  2669.5947 2574.1174 607.1680
v  2672.5947 2570.7573 605.0079
v  2669.5947 2570.7573 605.0079
v  2672.5947 2539.9175 619.8879
v  2669.5947 2539.9175 619.8879
v  2672.5947 2543.2773 622.0480
v  2669.5947 2543.2773 622.0480
v  2672.5947 2543.2773 632.6080
v  2669.5947 2543.2773 632.6080
v  2672.5947 2579.9907 614.4880
v  2669.5947 2579.9907 614.4880
v  2672.5947 2614.0774 631.5280
v  2669.5947 2614.0774 631.5280
v  2672.5947 2617.5425 635.0079
v  2669.5947 2617.5425 635.0079
v  2672.5947 2617.5425 619.5280
v  2669.5947 2617.5425 619.5280
v  2672.5947 2587.3025 605.0079
v  2669.5947 2587.3025 605.0079
v  2672.5947 2587.3025 597.4480
v  2669.5947 2587.3025 597.4480
v  2672.5947 2583.8264 593.9680
v  2669.5947 2583.8264 593.9680
v  2672.5947 2614.0774 593.9680
v  2669.5947 2614.0774 593.9680
v  2672.5947 2617.5425 692.0092
v  2672.5947 2617.5425 652.1808
v  2669.5947 2617.5425 652.1808
v  2669.5947 2617.5425 692.0092
v  2672.5947 2539.9175 644.6230
v  2669.5947 2539.9175 644.6230
v  2672.5947 2543.2773 648.4619
v  2669.5947 2543.2773 648.4619
v  2672.5947 2543.2773 658.0591
v  2669.5947 2543.2773 658.0591
v  2672.5947 2561.6375 659.7386
v  2669.5947 2561.6375 659.7386
v  2672.5947 2561.6375 684.3315
v  2669.5947 2561.6375 684.3315
v  2672.5947 2558.1575 681.2123
v  2669.5947 2558.1575 681.2123
v  2672.5947 2539.9175 682.8918
v  2669.5947 2539.9175 682.8918
v  2672.5947 2543.2773 686.0110
v  2669.5947 2543.2773 686.0110
v  2672.5947 2543.2773 695.7280
v  2669.5947 2543.2773 695.7280
v  2672.5947 2614.0774 688.8901
v  2669.5947 2614.0774 688.8901
v  2672.5947 2574.8225 679.7728
v  2672.5947 2574.8225 664.4172
v  2669.5947 2574.8225 664.4172
v  2669.5947 2574.8225 679.7728
v  2672.5947 2571.3464 660.5784
v  2669.5947 2571.3464 660.5784
v  2672.5947 2604.3574 663.6974
v  2669.5947 2604.3574 663.6974
v  2672.5947 2604.3574 680.4926
v  2669.5947 2604.3574 680.4926
v  2672.5947 2600.8755 677.3735
v  2669.5947 2600.8755 677.3735
v  2672.5947 2617.5425 706.4230
v  2672.5947 2579.9907 724.6630
v  2669.5947 2579.9907 724.6630
v  2669.5947 2617.5425 706.4230
v  2672.5947 2539.9175 705.3430
v  2669.5947 2539.9175 705.3430
v  2672.5947 2543.2773 710.8630
v  2669.5947 2543.2773 710.8630
v  2672.5947 2543.2773 720.9430
v  2669.5947 2543.2773 720.9430
v  2672.5947 2574.1174 735.8230
v  2669.5947 2574.1174 735.8230
v  2672.5947 2574.1174 745.8990
v  2669.5947 2574.1174 745.8990
v  2672.5947 2570.7573 742.4230
v  2669.5947 2570.7573 742.4230
v  2672.5947 2539.9175 742.4230
v  2669.5947 2539.9175 742.4230
v  2672.5947 2543.2773 745.8990
v  2669.5947 2543.2773 745.8990
v  2672.5947 2543.2773 755.6080
v  2669.5947 2543.2773 755.6080
v  2672.5947 2574.1174 755.6080
v  2669.5947 2574.1174 755.6080
v  2672.5947 2574.1174 765.5680
v  2669.5947 2574.1174 765.5680
v  2672.5947 2570.7573 763.5280
v  2669.5947 2570.7573 763.5280
v  2672.5947 2539.9175 778.2880
v  2669.5947 2539.9175 778.2880
v  2672.5947 2543.2773 780.4480
v  2669.5947 2543.2773 780.4480
v  2672.5947 2543.2773 790.6479
v  2669.5947 2543.2773 790.6479
v  2672.5947 2579.9907 773.0080
v  2669.5947 2579.9907 773.0080
v  2672.5947 2614.0774 789.4480
v  2669.5947 2614.0774 789.4480
v  2672.5947 2617.5425 794.9680
v  2669.5947 2617.5425 794.9680
v  2672.5947 2617.5425 778.0480
v  2669.5947 2617.5425 778.0480
v  2672.5947 2587.3025 763.5280
v  2669.5947 2587.3025 763.5280
v  2672.5947 2587.3025 759.0880
v  2669.5947 2587.3025 759.0880
v  2672.5947 2583.8264 755.6080
v  2669.5947 2583.8264 755.6080
v  2672.5947 2614.0774 755.6080
v  2669.5947 2614.0774 755.6080
v  2672.5947 2617.5425 759.0880
v  2669.5947 2617.5425 759.0880
v  2672.5947 2617.5425 742.4230
v  2669.5947 2617.5425 742.4230
v  2672.5947 2587.3025 742.4230
v  2669.5947 2587.3025 742.4230
v  2672.5947 2587.3025 737.9830
v  2669.5947 2587.3025 737.9830
v  2672.5947 2583.8264 735.8230
v  2669.5947 2583.8264 735.8230
v  2672.5947 2614.0774 721.3030
v  2669.5947 2614.0774 721.3030
v  2672.5947 2617.5425 723.4630
v  2669.5947 2617.5425 723.4630
v  2672.5947 2617.5425 821.1301
v  2672.5947 2617.5425 804.5829
v  2669.5947 2617.5425 804.5829
v  2669.5947 2617.5425 821.1301
v  2672.5947 2539.9175 804.5829
v  2669.5947 2539.9175 804.5829
v  2672.5947 2543.2773 807.9391
v  2669.5947 2543.2773 807.9391
v  2672.5947 2543.2773 818.9688
v  2669.5947 2543.2773 818.9688
v  2672.5947 2601.5974 846.5790
v  2669.5947 2601.5974 846.5790
v  2672.5947 2586.2373 843.1030
v  2669.5947 2586.2373 843.1030
v  2672.5947 2539.9175 843.1030
v  2669.5947 2539.9175 843.1030
v  2672.5947 2543.2773 846.5790
v  2669.5947 2543.2773 846.5790
v  2672.5947 2543.2773 856.2880
v  2669.5947 2543.2773 856.2880
v  2672.5947 2614.0774 856.2880
v  2669.5947 2614.0774 856.2880
v  2672.5947 2617.5425 859.7679
v  2669.5947 2617.5425 859.7679
v  2672.5947 2617.5425 843.1030
v  2669.5947 2617.5425 843.1030
v  2672.5947 2571.1174 821.1301
v  2669.5947 2571.1174 821.1301
v  2672.5947 2555.8774 817.6479
v  2669.5947 2555.8774 817.6479
v  2672.5947 2614.0774 817.6479
v  2669.5947 2614.0774 817.6479
v  2672.5947 2497.5425 480.5703
v  2672.5947 2497.5425 463.9030
v  2669.5947 2497.5425 463.9030
v  2669.5947 2497.5425 480.5703
v  2672.5947 2419.9175 463.9030
v  2669.5947 2419.9175 463.9030
v  2672.5947 2423.2773 467.3790
v  2669.5947 2423.2773 467.3790
v  2672.5947 2423.2773 477.0880
v  2669.5947 2423.2773 477.0880
v  2672.5947 2454.1174 477.0880
v  2669.5947 2454.1174 477.0880
v  2672.5947 2454.1174 502.8990
v  2669.5947 2454.1174 502.8990
v  2672.5947 2450.7573 499.4230
v  2669.5947 2450.7573 499.4230
v  2672.5947 2419.9175 499.4230
v  2669.5947 2419.9175 499.4230
v  2672.5947 2423.2773 502.8990
v  2669.5947 2423.2773 502.8990
v  2672.5947 2423.2773 512.6080
v  2669.5947 2423.2773 512.6080
v  2672.5947 2494.0774 512.6080
v  2669.5947 2494.0774 512.6080
v  2672.5947 2497.5425 516.0880
v  2669.5947 2497.5425 516.0880
v  2672.5947 2497.5425 499.4230
v  2669.5947 2497.5425 499.4230
v  2672.5947 2467.3025 499.4230
v  2669.5947 2467.3025 499.4230
v  2672.5947 2467.3025 480.5703
v  2669.5947 2467.3025 480.5703
v  2672.5947 2463.8264 477.0880
v  2669.5947 2463.8264 477.0880
v  2672.5947 2494.0774 477.0880
v  2669.5947 2494.0774 477.0880
v  2672.5947 2497.5425 573.0892
v  2672.5947 2497.5425 533.2607
v  2669.5947 2497.5425 533.2607
v  2669.5947 2497.5425 573.0892
v  2672.5947 2419.9175 525.7030
v  2669.5947 2419.9175 525.7030
v  2672.5947 2423.2773 529.5419
v  2669.5947 2423.2773 529.5419
v  2672.5947 2423.2773 539.1390
v  2669.5947 2423.2773 539.1390
v  2672.5947 2441.6375 540.8186
v  2669.5947 2441.6375 540.8186
v  2672.5947 2441.6375 565.4114
v  2669.5947 2441.6375 565.4114
v  2672.5947 2438.1575 562.2924
v  2669.5947 2438.1575 562.2924
v  2672.5947 2419.9175 563.9719
v  2669.5947 2419.9175 563.9719
v  2672.5947 2423.2773 567.0909
v  2669.5947 2423.2773 567.0909
v  2672.5947 2423.2773 576.8080
v  2669.5947 2423.2773 576.8080
v  2672.5947 2494.0774 569.9702
v  2669.5947 2494.0774 569.9702
v  2672.5947 2454.8225 560.8528
v  2672.5947 2454.8225 545.4972
v  2669.5947 2454.8225 545.4972
v  2669.5947 2454.8225 560.8528
v  2672.5947 2451.3464 541.6583
v  2669.5947 2451.3464 541.6583
v  2672.5947 2484.3574 544.7775
v  2669.5947 2484.3574 544.7775
v  2672.5947 2484.3574 561.5726
v  2669.5947 2484.3574 561.5726
v  2672.5947 2480.8755 558.4535
v  2669.5947 2480.8755 558.4535
v  2672.5947 2497.5425 674.4880
v  2672.5947 2497.5425 622.4230
v  2669.5947 2497.5425 622.4230
v  2669.5947 2497.5425 674.4880
v  2672.5947 2419.9175 622.4230
v  2669.5947 2419.9175 622.4230
v  2672.5947 2423.3975 625.7792
v  2669.5947 2423.3975 625.7792
v  2672.5947 2423.3975 671.0079
v  2669.5947 2423.3975 671.0079
v  2672.5947 2440.6775 671.0079
v  2669.5947 2440.6775 671.0079
v  2672.5947 2444.1423 674.4880
v  2669.5947 2444.1423 674.4880
v  2672.5947 2444.1423 657.8230
v  2669.5947 2444.1423 657.8230
v  2672.5947 2436.5825 657.8230
v  2669.5947 2436.5825 657.8230
v  2672.5947 2436.5825 638.9702
v  2669.5947 2436.5825 638.9702
v  2672.5947 2433.1064 635.6080
v  2669.5947 2433.1064 635.6080
v  2672.5947 2484.3574 635.6080
v  2669.5947 2484.3574 635.6080
v  2672.5947 2484.3574 661.2990
v  2669.5947 2484.3574 661.2990
v  2672.5947 2480.8760 657.8230
v  2669.5947 2480.8760 657.8230
v  2672.5947 2473.4331 657.8230
v  2669.5947 2473.4331 657.8230
v  2672.5947 2476.7974 661.2990
v  2669.5947 2476.7974 661.2990
v  2672.5947 2476.7974 671.0079
v  2669.5947 2476.7974 671.0079
v  2672.5947 2494.0774 671.0079
v  2669.5947 2494.0774 671.0079
v  2672.5947 2497.5425 731.4892
v  2672.5947 2497.5425 691.6608
v  2669.5947 2497.5425 691.6608
v  2669.5947 2497.5425 731.4892
v  2672.5947 2419.9175 684.1030
v  2669.5947 2419.9175 684.1030
v  2672.5947 2423.2773 687.9418
v  2669.5947 2423.2773 687.9418
v  2672.5947 2423.2773 697.5391
v  2669.5947 2423.2773 697.5391
v  2672.5947 2441.6375 699.2186
v  2669.5947 2441.6375 699.2186
v  2672.5947 2441.6375 723.8115
v  2669.5947 2441.6375 723.8115
v  2672.5947 2438.1575 720.6923
v  2669.5947 2438.1575 720.6923
v  2672.5947 2419.9175 722.3719
v  2669.5947 2419.9175 722.3719
v  2672.5947 2423.2773 725.4910
v  2669.5947 2423.2773 725.4910
v  2672.5947 2423.2773 735.2079
v  2669.5947 2423.2773 735.2079
v  2672.5947 2494.0774 728.3701
v  2669.5947 2494.0774 728.3701
v  2672.5947 2454.8225 719.2527
v  2672.5947 2454.8225 703.8972
v  2669.5947 2454.8225 703.8972
v  2669.5947 2454.8225 719.2527
v  2672.5947 2451.3464 700.0583
v  2669.5947 2451.3464 700.0583
v  2672.5947 2484.3574 703.1774
v  2669.5947 2484.3574 703.1774
v  2672.5947 2484.3574 719.9725
v  2669.5947 2484.3574 719.9725
v  2672.5947 2480.8755 716.8535
v  2669.5947 2480.8755 716.8535
v  2672.5947 2518.0625 786.2197
v  2672.5947 2518.0625 758.5029
v  2669.5947 2518.0625 758.5029
v  2669.5947 2518.0625 786.2197
v  2672.5947 2504.2722 758.5029
v  2669.5947 2504.2722 758.5029
v  2672.5947 2507.7573 761.9680
v  2669.5947 2507.7573 761.9680
v  2672.5947 2507.7573 782.8626
v  2669.5947 2507.7573 782.8626
v  2672.5947 2514.7073 782.8626
v  2669.5947 2514.7073 782.8626
v  2672.5947 2497.5425 761.3705
v  2672.5947 2497.5425 744.8229
v  2669.5947 2497.5425 744.8229
v  2669.5947 2497.5425 761.3705
v  2672.5947 2419.9175 744.8229
v  2669.5947 2419.9175 744.8229
v  2672.5947 2423.2773 748.2990
v  2669.5947 2423.2773 748.2990
v  2672.5947 2423.2773 759.2198
v  2669.5947 2423.2773 759.2198
v  2672.5947 2481.5974 786.8190
v  2669.5947 2481.5974 786.8190
v  2672.5947 2466.2373 783.3430
v  2669.5947 2466.2373 783.3430
v  2672.5947 2419.9175 783.3430
v  2669.5947 2419.9175 783.3430
v  2672.5947 2423.2773 786.8190
v  2669.5947 2423.2773 786.8190
v  2672.5947 2423.2773 796.5280
v  2669.5947 2423.2773 796.5280
v  2672.5947 2494.0774 796.5280
v  2669.5947 2494.0774 796.5280
v  2672.5947 2497.5425 800.0079
v  2669.5947 2497.5425 800.0079
v  2672.5947 2497.5425 783.3430
v  2669.5947 2497.5425 783.3430
v  2672.5947 2451.1174 761.3705
v  2669.5947 2451.1174 761.3705
v  2672.5947 2435.8774 758.0079
v  2669.5947 2435.8774 758.0079
v  2672.5947 2494.0774 758.0079
v  2669.5947 2494.0774 758.0079
v  2672.5947 2484.3574 830.8590
v  2672.5947 2480.8774 827.3829
v  2669.5947 2480.8774 827.3829
v  2669.5947 2484.3574 830.8590
v  2672.5947 2419.9175 827.3829
v  2669.5947 2419.9175 827.3829
v  2672.5947 2423.3975 830.8590
v  2669.5947 2423.3975 830.8590
v  2672.5947 2423.3975 840.5679
v  2669.5947 2423.3975 840.5679
v  2672.5947 2484.3574 840.5679
v  2669.5947 2484.3574 840.5679
v  2672.5947 2484.3574 858.3279
v  2669.5947 2484.3574 858.3279
v  2672.5947 2494.0774 858.3279
v  2669.5947 2494.0774 858.3279
v  2672.5947 2497.5425 861.8079
v  2669.5947 2497.5425 861.8079
v  2672.5947 2497.5425 809.6229
v  2669.5947 2497.5425 809.6229
v  2672.5947 2480.8774 809.6229
v  2669.5947 2480.8774 809.6229
v  2672.5947 2484.3574 813.0880
v  2669.5947 2484.3574 813.0880
v  2672.5947 2497.5425 922.4080
v  2672.5947 2497.5425 871.4229
v  2669.5947 2497.5425 871.4229
v  2669.5947 2497.5425 922.4080
v  2672.5947 2419.9175 871.4229
v  2669.5947 2419.9175 871.4229
v  2672.5947 2423.2773 874.8990
v  2669.5947 2423.2773 874.8990
v  2672.5947 2423.2773 918.9279
v  2669.5947 2423.2773 918.9279
v  2672.5947 2432.9973 918.9279
v  2669.5947 2432.9973 918.9279
v  2672.5947 2436.4773 922.4080
v  2669.5947 2436.4773 922.4080
v  2672.5947 2436.4773 888.0880
v  2669.5947 2436.4773 888.0880
v  2672.5947 2432.9973 884.6079
v  2669.5947 2432.9973 884.6079
v  2672.5947 2453.8774 884.6079
v  2669.5947 2453.8774 884.6079
v  2672.5947 2453.8774 902.1279
v  2669.5947 2453.8774 902.1279
v  2672.5947 2463.5974 902.1279
v  2669.5947 2463.5974 902.1279
v  2672.5947 2466.9575 905.6079
v  2669.5947 2466.9575 905.6079
v  2672.5947 2466.9575 888.0880
v  2669.5947 2466.9575 888.0880
v  2672.5947 2463.5974 884.6079
v  2669.5947 2463.5974 884.6079
v  2672.5947 2484.3574 884.6079
v  2669.5947 2484.3574 884.6079
v  2672.5947 2484.3574 918.9279
v  2669.5947 2484.3574 918.9279
v  2672.5947 2494.0774 918.9279
v  2669.5947 2494.0774 918.9279
v  2672.5947 2315.9973 494.3830
v  2672.5947 2315.9973 463.9030
v  2669.5947 2315.9973 463.9030
v  2669.5947 2315.9973 494.3830
v  2672.5947 2299.9175 463.9030
v  2669.5947 2299.9175 463.9030
v  2672.5947 2303.2773 467.3830
v  2669.5947 2303.2773 467.3830
v  2672.5947 2303.2773 507.0880
v  2669.5947 2303.2773 507.0880
v  2672.5947 2374.0774 507.0880
v  2669.5947 2374.0774 507.0880
v  2672.5947 2377.5574 510.4480
v  2669.5947 2377.5574 510.4480
v  2672.5947 2377.5574 463.9030
v  2669.5947 2377.5574 463.9030
v  2672.5947 2361.4775 463.9030
v  2669.5947 2361.4775 463.9030
v  2672.5947 2364.8374 467.3830
v  2669.5947 2364.8374 467.3830
v  2672.5947 2364.8374 497.8589
v  2669.5947 2364.8374 497.8589
v  2672.5947 2361.4775 494.3830
v  2669.5947 2361.4775 494.3830
v  2672.5947 2346.7173 494.3830
v  2669.5947 2346.7173 494.3830
v  2672.5947 2346.7173 473.2630
v  2669.5947 2346.7173 473.2630
v  2672.5947 2330.6375 473.2630
v  2669.5947 2330.6375 473.2630
v  2672.5947 2334.1174 476.7280
v  2669.5947 2334.1174 476.7280
v  2672.5947 2334.1174 497.3795
v  2669.5947 2334.1174 497.3795
v  2672.5947 2330.6375 494.3830
v  2669.5947 2330.6375 494.3830
v  2672.5947 2377.5425 567.4492
v  2672.5947 2377.5425 527.6208
v  2669.5947 2377.5425 527.6208
v  2669.5947 2377.5425 567.4492
v  2672.5947 2299.9175 520.0630
v  2669.5947 2299.9175 520.0630
v  2672.5947 2303.2773 523.9019
v  2669.5947 2303.2773 523.9019
v  2672.5947 2303.2773 533.4991
v  2669.5947 2303.2773 533.4991
v  2672.5947 2321.6375 535.1786
v  2669.5947 2321.6375 535.1786
v  2672.5947 2321.6375 559.7715
v  2669.5947 2321.6375 559.7715
v  2672.5947 2318.1575 556.6523
v  2669.5947 2318.1575 556.6523
v  2672.5947 2299.9175 558.3319
v  2669.5947 2299.9175 558.3319
v  2672.5947 2303.2773 561.4510
v  2669.5947 2303.2773 561.4510
v  2672.5947 2303.2773 571.1680
v  2669.5947 2303.2773 571.1680
v  2672.5947 2374.0774 564.3301
v  2669.5947 2374.0774 564.3301
v  2672.5947 2334.8225 555.2128
v  2672.5947 2334.8225 539.8572
v  2669.5947 2334.8225 539.8572
v  2669.5947 2334.8225 555.2128
v  2672.5947 2331.3464 536.0183
v  2669.5947 2331.3464 536.0183
v  2672.5947 2364.3574 539.1375
v  2669.5947 2364.3574 539.1375
v  2672.5947 2364.3574 555.9326
v  2669.5947 2364.3574 555.9326
v  2672.5947 2360.8755 552.8135
v  2669.5947 2360.8755 552.8135
v  2672.5947 2377.5425 632.8480
v  2672.5947 2377.5425 580.7830
v  2669.5947 2377.5425 580.7830
v  2669.5947 2377.5425 632.8480
v  2672.5947 2299.9175 580.7830
v  2669.5947 2299.9175 580.7830
v  2672.5947 2303.2773 584.2590
v  2669.5947 2303.2773 584.2590
v  2672.5947 2303.2773 629.4880
v  2669.5947 2303.2773 629.4880
v  2672.5947 2344.4265 629.4880
v  2669.5947 2344.4265 629.4880
v  2672.5947 2347.9023 632.8480
v  2669.5947 2347.9023 632.8480
v  2672.5947 2347.9023 597.4503
v  2669.5947 2347.9023 597.4503
v  2672.5947 2344.4265 593.9680
v  2669.5947 2344.4265 593.9680
v  2672.5947 2364.3574 593.9680
v  2669.5947 2364.3574 593.9680
v  2672.5947 2364.3574 629.4880
v  2669.5947 2364.3574 629.4880
v  2672.5947 2374.0664 629.4880
v  2669.5947 2374.0664 629.4880
v  2672.5947 2316.4624 616.3030
v  2672.5947 2316.4624 597.4503
v  2669.5947 2316.4624 597.4503
v  2669.5947 2316.4624 616.3030
v  2672.5947 2312.9863 593.9680
v  2669.5947 2312.9863 593.9680
v  2672.5947 2334.7173 593.9680
v  2669.5947 2334.7173 593.9680
v  2672.5947 2334.7173 619.7791
v  2669.5947 2334.7173 619.7791
v  2672.5947 2331.2346 616.3030
v  2669.5947 2331.2346 616.3030
v  2672.5947 2377.5425 693.4480
v  2672.5947 2377.5425 642.4630
v  2669.5947 2377.5425 642.4630
v  2669.5947 2377.5425 693.4479
v  2672.5947 2299.9175 642.4630
v  2669.5947 2299.9175 642.4630
v  2672.5947 2303.2773 645.9390
v  2669.5947 2303.2773 645.9390
v  2672.5947 2303.2773 689.9680
v  2669.5947 2303.2773 689.9680
v  2672.5947 2312.9973 689.9680
v  2669.5947 2312.9973 689.9680
v  2672.5947 2316.4775 693.4480
v  2669.5947 2316.4775 693.4479
v  2672.5947 2316.4775 659.1280
v  2669.5947 2316.4775 659.1280
v  2672.5947 2312.9973 655.6479
v  2669.5947 2312.9973 655.6479
v  2672.5947 2333.8774 655.6479
v  2669.5947 2333.8774 655.6479
v  2672.5947 2333.8774 673.1680
v  2669.5947 2333.8774 673.1680
v  2672.5947 2343.5974 673.1680
v  2669.5947 2343.5974 673.1680
v  2672.5947 2346.9575 676.6479
v  2669.5947 2346.9575 676.6479
v  2672.5947 2346.9575 659.1280
v  2669.5947 2346.9575 659.1280
v  2672.5947 2343.5974 655.6479
v  2669.5947 2343.5974 655.6479
v  2672.5947 2364.3574 655.6479
v  2669.5947 2364.3574 655.6479
v  2672.5947 2364.3574 689.9680
v  2669.5947 2364.3574 689.9680
v  2672.5947 2374.0774 689.9680
v  2669.5947 2374.0774 689.9680
v  2672.5947 2377.5425 755.1280
v  2672.5947 2377.5425 703.0630
v  2669.5947 2377.5425 703.0630
v  2669.5947 2377.5425 755.1280
v  2672.5947 2299.9175 703.0630
v  2669.5947 2299.9175 703.0630
v  2672.5947 2303.3975 706.5391
v  2669.5947 2303.3975 706.5391
v  2672.5947 2303.3975 716.2480
v  2669.5947 2303.3975 716.2480
v  2672.5947 2326.6775 716.2480
v  2669.5947 2326.6775 716.2480
v  2672.5947 2326.6775 751.7679
v  2669.5947 2326.6775 751.7679
v  2672.5947 2374.0664 751.7679
v  2669.5947 2374.0664 751.7679
v  2672.5947 2339.8623 738.5829
v  2672.5947 2339.8623 719.7303
v  2669.5947 2339.8623 719.7303
v  2669.5947 2339.8623 738.5829
v  2672.5947 2336.3865 716.2480
v  2669.5947 2336.3865 716.2480
v  2672.5947 2364.3574 716.2480
v  2669.5947 2364.3574 716.2480
v  2672.5947 2364.3574 741.9392
v  2669.5947 2364.3574 741.9392
v  2672.5947 2360.8752 738.5829
v  2669.5947 2360.8752 738.5829
v  2672.5947 2377.5425 781.2900
v  2672.5947 2377.5425 764.7430
v  2669.5947 2377.5425 764.7430
v  2669.5947 2377.5425 781.2900
v  2672.5947 2299.9175 764.7430
v  2669.5947 2299.9175 764.7430
v  2672.5947 2303.2773 768.0991
v  2669.5947 2303.2773 768.0991
v  2672.5947 2303.2773 779.1288
v  2669.5947 2303.2773 779.1288
v  2672.5947 2361.5974 806.7390
v  2669.5947 2361.5974 806.7390
v  2672.5947 2346.2373 803.2629
v  2669.5947 2346.2373 803.2629
v  2672.5947 2299.9175 803.2629
v  2669.5947 2299.9175 803.2629
v  2672.5947 2303.2773 806.7390
v  2669.5947 2303.2773 806.7390
v  2672.5947 2303.2773 816.4479
v  2669.5947 2303.2773 816.4479
v  2672.5947 2374.0774 816.4479
v  2669.5947 2374.0774 816.4479
v  2672.5947 2377.5425 819.9280
v  2669.5947 2377.5425 819.9280
v  2672.5947 2377.5425 803.2629
v  2669.5947 2377.5425 803.2629
v  2672.5947 2331.1174 781.2900
v  2669.5947 2331.1174 781.2900
v  2672.5947 2315.8774 777.8080
v  2669.5947 2315.8774 777.8080
v  2672.5947 2374.0774 777.8080
v  2669.5947 2374.0774 777.8080
v  2672.5947 2195.9973 494.3830
v  2672.5947 2195.9973 463.9030
v  2669.5947 2195.9973 463.9030
v  2669.5947 2195.9973 494.3830
v  2672.5947 2179.9175 463.9030
v  2669.5947 2179.9175 463.9030
v  2672.5947 2183.2773 467.3830
v  2669.5947 2183.2773 467.3830
v  2672.5947 2183.2773 507.0880
v  2669.5947 2183.2773 507.0880
v  2672.5947 2254.0774 507.0880
v  2669.5947 2254.0774 507.0880
v  2672.5947 2257.5574 510.4480
v  2669.5947 2257.5574 510.4480
v  2672.5947 2257.5574 463.9030
v  2669.5947 2257.5574 463.9030
v  2672.5947 2241.4775 463.9030
v  2669.5947 2241.4775 463.9030
v  2672.5947 2244.8374 467.3830
v  2669.5947 2244.8374 467.3830
v  2672.5947 2244.8374 497.8589
v  2669.5947 2244.8374 497.8589
v  2672.5947 2241.4775 494.3830
v  2669.5947 2241.4775 494.3830
v  2672.5947 2226.7173 494.3830
v  2669.5947 2226.7173 494.3830
v  2672.5947 2226.7173 473.2630
v  2669.5947 2226.7173 473.2630
v  2672.5947 2210.6375 473.2630
v  2669.5947 2210.6375 473.2630
v  2672.5947 2214.1174 476.7280
v  2669.5947 2214.1174 476.7280
v  2672.5947 2214.1174 497.3795
v  2669.5947 2214.1174 497.3795
v  2672.5947 2210.6375 494.3830
v  2669.5947 2210.6375 494.3830
v  2672.5947 2196.4624 526.5356
v  2672.5947 2196.4624 520.0630
v  2669.5947 2196.4624 520.0630
v  2669.5947 2196.4624 526.5356
v  2672.5947 2169.7173 520.0630
v  2669.5947 2169.7173 520.0630
v  2672.5947 2173.0774 523.5391
v  2669.5947 2173.0774 523.5391
v  2672.5947 2173.0774 533.2480
v  2669.5947 2173.0774 533.2480
v  2672.5947 2183.2773 533.2480
v  2669.5947 2183.2773 533.2480
v  2672.5947 2183.2773 569.9791
v  2669.5947 2183.2773 569.9791
v  2672.5947 2179.9175 566.5030
v  2669.5947 2179.9175 566.5030
v  2672.5947 2169.7173 566.5030
v  2669.5947 2169.7173 566.5030
v  2672.5947 2173.0774 569.9791
v  2669.5947 2173.0774 569.9791
v  2672.5947 2173.0774 579.6880
v  2669.5947 2173.0774 579.6880
v  2672.5947 2192.9863 579.6880
v  2669.5947 2192.9863 579.6880
v  2672.5947 2196.4624 583.0480
v  2669.5947 2196.4624 583.0480
v  2672.5947 2196.4624 576.6915
v  2669.5947 2196.4624 576.6915
v  2672.5947 2192.9863 573.2080
v  2669.5947 2192.9863 573.2080
v  2672.5947 2254.0664 573.2080
v  2669.5947 2254.0664 573.2080
v  2672.5947 2257.5425 576.6880
v  2669.5947 2257.5425 576.6880
v  2672.5947 2257.5425 534.6888
v  2669.5947 2257.5425 534.6888
v  2672.5947 2196.4624 560.0229
v  2672.5947 2196.4624 542.7333
v  2669.5947 2196.4624 542.7333
v  2669.5947 2196.4624 560.0229
v  2672.5947 2192.9863 538.7711
v  2669.5947 2192.9863 538.7711
v  2672.5947 2244.3574 545.8551
v  2669.5947 2244.3574 545.8551
v  2672.5947 2244.3574 563.4990
v  2669.5947 2244.3574 563.4990
v  2672.5947 2240.8767 560.0229
v  2669.5947 2240.8767 560.0229
v  2672.5947 2257.5425 643.6479
v  2672.5947 2257.5425 592.6630
v  2669.5947 2257.5425 592.6630
v  2669.5947 2257.5425 643.6479
v  2672.5947 2179.9175 592.6630
v  2669.5947 2179.9175 592.6630
v  2672.5947 2183.2773 596.1390
v  2669.5947 2183.2773 596.1390
v  2672.5947 2183.2773 640.1680
v  2669.5947 2183.2773 640.1680
v  2672.5947 2192.9973 640.1680
v  2669.5947 2192.9973 640.1680
v  2672.5947 2196.4775 643.6479
v  2669.5947 2196.4775 643.6479
v  2672.5947 2196.4775 609.3280
v  2669.5947 2196.4775 609.3280
v  2672.5947 2192.9973 605.8480
v  2669.5947 2192.9973 605.8480
v  2672.5947 2213.8774 605.8480
v  2669.5947 2213.8774 605.8480
v  2672.5947 2213.8774 623.3680
v  2669.5947 2213.8774 623.3680
v  2672.5947 2223.5974 623.3680
v  2669.5947 2223.5974 623.3680
v  2672.5947 2226.9575 626.8480
v  2669.5947 2226.9575 626.8480
v  2672.5947 2226.9575 609.3280
v  2669.5947 2226.9575 609.3280
v  2672.5947 2223.5974 605.8480
v  2669.5947 2223.5974 605.8480
v  2672.5947 2244.3574 605.8480
v  2669.5947 2244.3574 605.8480
v  2672.5947 2244.3574 640.1680
v  2669.5947 2244.3574 640.1680
v  2672.5947 2254.0774 640.1680
v  2669.5947 2254.0774 640.1680
v  2672.5947 2257.5425 705.3279
v  2672.5947 2257.5425 653.2629
v  2669.5947 2257.5425 653.2629
v  2669.5947 2257.5425 705.3279
v  2672.5947 2179.9175 653.2629
v  2669.5947 2179.9175 653.2629
v  2672.5947 2183.3975 656.6191
v  2669.5947 2183.3975 656.6191
v  2672.5947 2183.3975 701.8480
v  2669.5947 2183.3975 701.8480
v  2672.5947 2200.6775 701.8480
v  2669.5947 2200.6775 701.8480
v  2672.5947 2204.1423 705.3279
v  2669.5947 2204.1423 705.3279
v  2672.5947 2204.1423 688.6630
v  2669.5947 2204.1423 688.6630
v  2672.5947 2196.5825 688.6630
v  2669.5947 2196.5825 688.6630
v  2672.5947 2196.5825 669.8102
v  2669.5947 2196.5825 669.8102
v  2672.5947 2193.1064 666.4479
v  2669.5947 2193.1064 666.4479
v  2672.5947 2244.3574 666.4479
v  2669.5947 2244.3574 666.4479
v  2672.5947 2244.3574 692.1390
v  2669.5947 2244.3574 692.1390
v  2672.5947 2240.8760 688.6630
v  2669.5947 2240.8760 688.6630
v  2672.5947 2233.4331 688.6630
v  2669.5947 2233.4331 688.6630
v  2672.5947 2236.7974 692.1390
v  2669.5947 2236.7974 692.1390
v  2672.5947 2236.7974 701.8480
v  2669.5947 2236.7974 701.8480
v  2672.5947 2254.0774 701.8480
v  2669.5947 2254.0774 701.8480
v  2672.5947 2257.5425 731.6104
v  2672.5947 2257.5425 714.9429
v  2669.5947 2257.5425 714.9429
v  2669.5947 2257.5425 731.6104
v  2672.5947 2179.9175 714.9429
v  2669.5947 2179.9175 714.9429
v  2672.5947 2183.3975 718.4190
v  2669.5947 2183.3975 718.4190
v  2672.5947 2183.3975 762.4479
v  2669.5947 2183.3975 762.4479
v  2672.5947 2225.6265 762.4479
v  2669.5947 2225.6265 762.4479
v  2672.5947 2229.1025 765.9280
v  2669.5947 2229.1025 765.9280
v  2672.5947 2229.1025 731.6104
v  2669.5947 2229.1025 731.6104
v  2672.5947 2225.6265 728.1279
v  2669.5947 2225.6265 728.1279
v  2672.5947 2254.0774 728.1279
v  2669.5947 2254.0774 728.1279
v  2672.5947 2196.5825 749.3829
v  2672.5947 2196.5825 731.6104
v  2669.5947 2196.5825 731.6104
v  2669.5947 2196.5825 749.3829
v  2672.5947 2193.1064 728.1279
v  2669.5947 2193.1064 728.1279
v  2672.5947 2215.9175 728.1279
v  2669.5947 2215.9175 728.1279
v  2672.5947 2215.9175 752.7391
v  2669.5947 2215.9175 752.7391
v  2672.5947 2212.4348 749.3829
v  2669.5947 2212.4348 749.3829
# 882 vertices

vn 0.9045 0.3015 -0.3015
vn 0.5774 0.5774 -0.5774
vn -0.5774 0.5774 -0.5774
vn -0.9045 0.3015 -0.3015
vn 0.5474 -0.7703 -0.3270
vn -0.5474 -0.7703 -0.3270
vn -0.6317 -0.7188 0.2904
vn 0.6317 -0.7188 0.2904
vn 0.5774 -0.5774 0.5774
vn -0.5774 -0.5774 0.5774
vn 0.8019 -0.2238 0.5540
vn -0.8019 -0.2238 0.5540
vn 0.5474 0.3270 0.7703
vn -0.5474 0.3270 0.7703
vn 0.5474 -0.7702 -0.3272
vn -0.5474 -0.7702 -0.3272
vn -0.6318 -0.7187 0.2903
vn 0.6318 -0.7187 0.2903
vn -0.5465 -0.3139 -0.7764
vn 0.5465 -0.3139 -0.7764
vn 0.6289 0.3036 -0.7158
vn -0.6289 0.3036 -0.7158
vn 0.5469 -0.7738 -0.3196
vn -0.5469 -0.7738 -0.3196
vn -0.6301 -0.7171 0.2979
vn 0.6301 -0.7171 0.2979
vn -0.5489 -0.3486 -0.7597
vn 0.5489 -0.3486 -0.7597
vn 0.6366 0.2684 -0.7230
vn -0.6366 0.2684 -0.7230
vn 0.5483 0.3402 0.7640
vn 0.5826 0.6019 -0.5461
vn -0.5826 0.6019 -0.5461
vn -0.5483 0.3402 0.7640
vn 0.5462 -0.7452 -0.3827
vn -0.5462 -0.7452 -0.3827
vn 0.7955 -0.5672 0.2132
vn -0.7955 -0.5672 0.2132
vn 0.5823 -0.6005 0.5480
vn -0.5823 -0.6005 0.5480
vn 0.9734 -0.0934 -0.2092
vn 0.5484 -0.3410 -0.7636
vn 0.6272 0.2446 -0.7394
vn -0.6272 0.2446 -0.7394
vn 0.5484 -0.7915 -0.2697
vn -0.5484 -0.7915 -0.2697
vn 0.8091 -0.5387 0.2349
vn -0.8091 -0.5387 0.2349
vn 0.5725 -0.5512 0.6070
vn -0.5725 -0.5512 0.6070
vn -0.6267 -0.2439 0.7401
vn -0.8099 -0.1836 0.5571
vn 0.9151 0.2718 -0.2979
vn 0.6344 0.7213 -0.2780
vn -0.6344 0.7213 -0.2780
vn -0.9151 0.2718 -0.2979
vn -0.5458 0.7491 0.3754
vn 0.5458 0.7491 0.3754
vn -0.5825 -0.6012 0.5471
vn -0.8933 -0.3324 0.3025
vn -0.5484 -0.3411 -0.7635
vn 0.5484 -0.3411 -0.7635
vn 0.6272 0.2445 -0.7395
vn -0.6272 0.2445 -0.7395
vn 0.5469 0.3196 0.7738
vn -0.5469 0.3196 0.7738
vn 0.5474 -0.7704 -0.3268
vn -0.5474 -0.7704 -0.3268
vn 0.8020 -0.5538 0.2239
vn -0.8020 -0.5538 0.2239
vn 0.9045 -0.3015 0.3015
vn -0.9045 -0.3015 0.3015
vn -0.5531 -0.3992 -0.7312
vn 0.5531 -0.3992 -0.7312
vn 0.6119 0.0481 -0.7895
vn -0.6119 0.0481 -0.7895
vn 0.5538 -0.8311 -0.0507
vn -0.5538 -0.8311 -0.0507
vn 0.8324 -0.4865 0.2656
vn -0.8324 -0.4865 0.2656
vn 0.5570 -0.4385 0.7053
vn -0.5570 -0.4385 0.7053
vn 0.8222 -0.0014 0.5693
vn -0.8222 -0.0014 0.5693
vn -0.6725 -0.4333 0.5999
vn 0.6725 -0.4333 0.5999
vn 0.6046 0.6742 -0.4242
vn -0.6046 0.6742 -0.4242
vn 0.8486 0.4478 -0.2817
vn -0.8486 0.4478 -0.2817
vn 0.6303 0.7173 -0.2969
vn -0.6303 0.7173 -0.2969
vn 0.9769 0.1975 0.0819
vn -0.9769 0.1975 0.0819
vn -0.6301 -0.2979 0.7171
vn 0.6301 -0.2979 0.7171
vn 0.5572 0.4406 -0.7038
vn 0.8194 -0.0008 -0.5732
vn -0.8194 -0.0008 -0.5732
vn -0.5572 0.4406 -0.7038
vn 0.5423 -0.6224 -0.5644
vn -0.5423 -0.6224 -0.5644
vn -0.6511 -0.7308 0.2049
vn 0.6511 -0.7308 0.2049
vn 0.6047 -0.6745 0.4235
vn -0.6047 -0.6745 0.4235
vn 0.8483 -0.4484 0.2815
vn -0.8483 -0.4484 0.2815
vn 0.9780 -0.0783 -0.1936
vn -0.9780 -0.0783 -0.1936
vn -0.5540 -0.4083 -0.7256
vn 0.5540 -0.4083 -0.7256
vn 0.6141 0.0392 -0.7883
vn -0.6141 0.0392 -0.7883
vn 0.5538 -0.8311 -0.0518
vn -0.5538 -0.8311 -0.0518
vn 0.5574 -0.4420 0.7028
vn -0.5574 -0.4420 0.7028
vn 0.8189 -0.0004 0.5739
vn -0.8189 -0.0004 0.5739
vn -0.6498 -0.5068 0.5665
vn 0.6498 -0.5068 0.5665
vn 0.5420 0.2325 0.8076
vn -0.5421 0.2325 0.8076
vn 0.6304 0.7173 -0.2968
vn -0.6304 0.7173 -0.2968
vn 0.6124 0.6910 -0.3841
vn -0.6124 0.6910 -0.3841
vn 0.9614 0.2747 0.0149
vn -0.9614 0.2747 0.0149
vn -0.6131 -0.0434 0.7888
vn 0.6131 -0.0434 0.7888
vn 0.5536 0.4041 0.7282
vn -0.5536 0.4041 0.7282
vn 0.5469 0.3194 0.7739
vn -0.5469 0.3194 0.7739
vn 0.5469 -0.7734 -0.3204
vn -0.5469 -0.7734 -0.3204
vn 0.8043 -0.5489 0.2275
vn -0.8043 -0.5489 0.2275
vn 0.6042 -0.6733 0.4262
vn -0.6042 -0.6733 0.4262
vn 0.9984 -0.0536 -0.0184
vn -0.9984 -0.0536 -0.0184
vn 0.6830 0.0811 -0.7259
vn -0.6830 0.0811 -0.7259
vn 0.5474 -0.7705 -0.3268
vn -0.5474 -0.7705 -0.3268
vn -0.6317 -0.7187 0.2906
vn 0.6317 -0.7187 0.2906
vn 0.6043 0.6733 -0.4261
vn -0.6043 0.6733 -0.4261
vn 0.6835 0.2388 -0.6898
vn -0.6835 0.2388 -0.6898
vn -0.5378 0.8377 0.0945
vn 0.5378 0.8377 0.0945
vn -0.6301 -0.2981 0.7171
vn 0.6301 -0.2981 0.7171
vn 0.6304 0.7173 -0.2967
vn -0.6304 0.7173 -0.2967
vn 0.9769 0.1975 0.0820
vn -0.9769 0.1975 0.0820
vn 0.5823 -0.6005 0.5481
vn -0.5823 -0.6005 0.5481
vn 0.5484 -0.7916 -0.2696
vn -0.5484 -0.7916 -0.2696
vn 0.8091 -0.5387 0.2350
vn -0.8091 -0.5387 0.2350
vn -0.5459 0.7490 0.3754
vn 0.5459 0.7490 0.3754
vn -0.5825 -0.6012 0.5470
vn -0.8933 -0.3324 0.3024
vn 0.5465 -0.7766 -0.3135
vn -0.5465 -0.7766 -0.3135
vn 0.8066 -0.5441 0.2312
vn -0.8066 -0.5441 0.2312
vn 0.8045 -0.2279 0.5485
vn -0.8045 -0.2279 0.5485
vn 0.6289 0.7158 -0.3035
vn -0.6289 0.7158 -0.3035
vn -0.5465 0.7763 0.3140
vn 0.5465 0.7763 0.3140
vn 0.9769 -0.0819 -0.1975
vn -0.9769 -0.0819 -0.1975
vn 0.6303 0.2968 -0.7174
vn -0.6303 0.2968 -0.7174
vn 0.5473 -0.7706 -0.3266
vn -0.5473 -0.7706 -0.3266
vn 0.8020 -0.5537 0.2240
vn -0.8020 -0.5537 0.2240
vn -0.5484 -0.3413 -0.7634
vn 0.5484 -0.3413 -0.7634
vn 0.6273 0.2444 -0.7394
vn -0.6273 0.2444 -0.7394
vn 0.5469 0.3203 0.7735
vn -0.5469 0.3203 0.7735
vn 0.5468 -0.7740 -0.3193
vn -0.5468 -0.7740 -0.3193
vn -0.6300 -0.7170 0.2982
vn 0.6300 -0.7170 0.2982
vn 0.8042 -0.2275 0.5491
vn -0.8042 -0.2275 0.5491
vn 0.5473 0.3261 0.7708
vn -0.5473 0.3261 0.7708
vn 0.6042 -0.6732 0.4262
vn -0.6042 -0.6732 0.4262
vn 0.6042 0.6732 -0.4262
vn -0.6042 0.6732 -0.4262
vn 0.6827 0.2365 -0.6914
vn -0.6827 0.2365 -0.6914
vn -0.5378 0.8381 0.0914
vn 0.5378 0.8381 0.0914
vn -0.6315 -0.2913 0.7186
vn 0.6315 -0.2913 0.7186
vn 0.9769 -0.0819 -0.1974
vn 0.6304 0.2968 -0.7173
vn -0.6304 0.2968 -0.7173
vn -0.9769 -0.0819 -0.1974
vn 0.5469 -0.7736 -0.3202
vn -0.5469 -0.7736 -0.3202
vn -0.6302 -0.7172 0.2973
vn 0.6302 -0.7172 0.2973
vn -0.6303 -0.2971 0.7173
vn 0.6303 -0.2971 0.7173
vn 0.5469 0.3204 0.7735
vn -0.5469 0.3204 0.7735
vn 0.6303 0.7173 -0.2971
vn -0.6303 0.7173 -0.2971
vn -0.5469 0.7735 0.3204
vn 0.5469 0.7735 0.3204
vn 0.8065 -0.2310 0.5442
vn -0.8065 -0.2310 0.5442
vn 0.5465 0.3137 0.7765
vn -0.5465 0.3137 0.7765
vn 0.6318 0.7187 -0.2903
vn -0.6318 0.7187 -0.2903
vn 0.9758 0.2012 0.0855
vn -0.9758 0.2012 0.0855
vn 0.8019 -0.5540 0.2238
vn -0.8019 -0.5540 0.2238
vn -0.5489 -0.3484 -0.7598
vn 0.5489 -0.3484 -0.7598
vn 0.6365 0.2684 -0.7230
vn -0.6365 0.2684 -0.7230
vn 0.6273 0.2445 -0.7394
vn -0.6273 0.2445 -0.7394
vn 0.5474 0.3268 0.7705
vn -0.5474 0.3268 0.7705
vn 0.6317 -0.7187 0.2905
vn 0.8020 -0.2239 0.5538
vn -0.8020 -0.2239 0.5538
vn 0.6303 0.7174 -0.2968
vn -0.6303 0.7174 -0.2968
vn 0.9769 0.1976 0.0819
vn -0.9769 0.1976 0.0819
vn 0.9769 -0.0820 -0.1976
vn -0.9769 -0.0820 -0.1976
vn 0.6303 0.2967 -0.7174
vn -0.6303 0.2967 -0.7174
vn 0.5470 0.3206 0.7733
vn -0.5470 0.3206 0.7733
vn -0.5470 0.7733 0.3206
vn 0.5470 0.7733 0.3206
vn 0.8043 -0.5490 0.2276
vn -0.8043 -0.5490 0.2276
vn 0.6317 -0.2906 0.7187
vn 0.9758 -0.0856 -0.2014
vn -0.9758 -0.0856 -0.2014
vn 0.6318 0.2900 -0.7188
vn -0.6318 0.2900 -0.7188
vn 0.9984 -0.0536 -0.0185
vn -0.9984 -0.0536 -0.0185
vn 0.6829 0.0811 -0.7260
vn -0.6829 0.0811 -0.7260
vn 0.8886 0.3451 -0.3021
vn -0.8886 0.3451 -0.3021
vn 0.6304 0.7174 -0.2967
vn -0.6304 0.7174 -0.2967
vn 0.9768 0.1976 0.0820
vn -0.9768 0.1976 0.0820
vn 0.8043 -0.2276 0.5490
vn -0.8043 -0.2276 0.5490
vn 0.5469 0.3202 0.7736
vn -0.5469 0.3202 0.7736
vn 0.5847 0.6104 -0.5344
vn -0.5847 0.6104 -0.5344
vn 0.6357 0.7224 -0.2720
vn -0.6357 0.7224 -0.2720
vn 0.9811 0.1702 0.0916
vn -0.9811 0.1702 0.0916
vn 0.8881 -0.3465 0.3020
vn -0.8881 -0.3465 0.3020
vn -0.5469 -0.3206 -0.7733
vn 0.5469 -0.3206 -0.7733
vn 0.6303 0.2968 -0.7173
vn -0.6303 0.2968 -0.7173
vn 0.5469 0.3198 0.7737
vn -0.5469 0.3198 0.7737
vn 0.6317 0.7188 -0.2904
vn -0.6317 0.7188 -0.2904
vn 0.9758 0.2012 0.0854
vn -0.9758 0.2012 0.0854
vn 0.8020 -0.5536 0.2240
vn -0.8020 -0.5536 0.2240
vn -0.6303 -0.7172 0.2973
vn -0.6303 -0.2973 0.7172
vn 0.6303 -0.2973 0.7172
vn 0.6303 0.7174 -0.2967
vn -0.6303 0.7174 -0.2967
vn 0.9758 -0.0857 -0.2014
vn -0.9758 -0.0857 -0.2014
vn -0.6318 0.2899 -0.7188
# 312 vertex normals

o Text008
g Text008
usemtl wire_225198087
s 1
f 1449//865 1450//866 1451//867 1452//868 
s 4
f 1450//866 1453//869 1454//870 1451//867 
s 2
f 1453//869 1455//871 1456//872 1454//870 
s 4
f 1455//871 1457//873 1458//874 1456//872 
s 2
f 1457//873 1459//875 1460//876 1458//874 
s 4
f 1459//875 1461//877 1462//878 1460//876 
s 2
f 1461//877 1463//866 1464//867 1462//878 
s 4
f 1463//866 1465//879 1466//880 1464//867 
s 2
f 1465//879 1467//881 1468//882 1466//880 
s 4
f 1467//881 1469//883 1470//884 1468//882 
s 2
f 1469//883 1471//885 1472//886 1470//884 
s 4
f 1471//885 1473//865 1474//868 1472//886 
s 2
f 1473//865 1475//866 1476//867 1474//868 
s 4
f 1475//866 1477//887 1478//888 1476//867 
s 2
f 1477//887 1479//889 1480//890 1478//888 
s 4
f 1479//889 1481//891 1482//892 1480//890 
s 2
f 1481//891 1483//893 1484//894 1482//892 
s 4
f 1483//893 1449//865 1452//868 1484//894 
s 1
f 1485//895 1486//896 1487//897 1488//898 
s 4
f 1486//896 1489//899 1490//900 1487//897 
s 2
f 1489//899 1491//901 1492//902 1490//900 
s 4
f 1491//901 1493//903 1494//904 1492//902 
s 2
f 1493//903 1495//904 1496//903 1494//904 
s 4
f 1495//904 1497//905 1498//906 1496//903 
s 2
f 1497//905 1499//907 1500//908 1498//906 
s 4
f 1499//907 1501//909 1502//910 1500//908 
s 2
f 1501//909 1503//911 1504//912 1502//910 
s 4
f 1503//911 1505//913 1506//914 1504//912 
s 2
f 1505//913 1507//915 1508//916 1506//914 
s 4
f 1507//915 1485//895 1488//898 1508//916 
s 1
f 1509//917 1510//918 1511//919 1512//920 
s 4
f 1510//918 1513//921 1514//922 1511//919 
s 2
f 1513//921 1515//923 1516//924 1514//922 
s 4
f 1515//923 1517//925 1518//926 1516//924 
s 2
f 1517//925 1519//927 1520//928 1518//926 
s 4
f 1519//927 1509//917 1512//920 1520//928 
s 1
f 1521//929 1522//866 1523//867 1524//930 
s 4
f 1522//866 1525//931 1526//932 1523//867 
s 2
f 1525//931 1527//933 1528//934 1526//932 
s 4
f 1527//933 1529//873 1530//874 1528//934 
s 2
f 1529//873 1531//935 1532//936 1530//874 
s 4
f 1531//935 1533//937 1534//938 1532//936 
s 2
f 1533//937 1535//939 1536//940 1534//938 
s 4
f 1535//939 1537//941 1538//942 1536//940 
s 2
f 1537//941 1539//943 1540//944 1538//942 
s 4
f 1539//943 1541//945 1542//946 1540//944 
s 2
f 1541//945 1543//947 1544//948 1542//946 
s 4
f 1543//947 1545//949 1546//950 1544//948 
s 2
f 1545//949 1547//929 1548//930 1546//950 
s 4
f 1547//929 1549//951 1550//952 1548//930 
s 2
f 1549//951 1551//953 1552//954 1550//952 
s 4
f 1551//953 1553//955 1554//956 1552//954 
s 2
f 1553//955 1555//957 1556//958 1554//956 
s 4
f 1555//957 1557//959 1558//960 1556//958 
s 2
f 1557//959 1521//929 1524//930 1558//960 
s 1
f 1559//895 1560//896 1561//897 1562//898 
s 4
f 1560//896 1563//899 1564//900 1561//897 
s 2
f 1563//899 1565//901 1566//902 1564//900 
s 4
f 1565//901 1567//903 1568//904 1566//902 
s 2
f 1567//903 1569//904 1570//903 1568//904 
s 4
f 1569//904 1571//905 1572//906 1570//903 
s 2
f 1571//905 1573//907 1574//908 1572//906 
s 4
f 1573//907 1575//909 1576//910 1574//908 
s 2
f 1575//909 1577//911 1578//912 1576//910 
s 4
f 1577//911 1579//913 1580//914 1578//912 
s 2
f 1579//913 1581//915 1582//916 1580//914 
s 4
f 1581//915 1559//895 1562//898 1582//916 
s 1
f 1583//917 1584//918 1585//919 1586//920 
s 4
f 1584//918 1587//921 1588//922 1585//919 
s 2
f 1587//921 1589//923 1590//924 1588//922 
s 4
f 1589//923 1591//925 1592//926 1590//924 
s 2
f 1591//925 1593//927 1594//928 1592//926 
s 4
f 1593//927 1583//917 1586//920 1594//928 
s 1
f 1595//961 1596//962 1597//963 1598//964 
s 4
f 1596//962 1599//965 1600//966 1597//963 
s 2
f 1599//965 1601//967 1602//968 1600//966 
s 4
f 1601//967 1603//969 1604//970 1602//968 
s 2
f 1603//969 1605//971 1606//972 1604//970 
s 4
f 1605//971 1607//973 1608//974 1606//972 
s 2
f 1607//973 1609//885 1610//886 1608//974 
s 4
f 1609//885 1611//931 1612//932 1610//886 
s 2
f 1611//931 1613//933 1614//934 1612//932 
s 4
f 1613//933 1615//873 1616//874 1614//934 
s 2
f 1615//873 1617//935 1618//936 1616//874 
s 4
f 1617//935 1619//975 1620//976 1618//936 
s 2
f 1619//975 1621//977 1622//978 1620//976 
s 4
f 1621//977 1623//979 1624//980 1622//978 
s 2
f 1623//979 1625//943 1626//944 1624//980 
s 4
f 1625//943 1627//981 1628//982 1626//944 
s 2
f 1627//981 1629//983 1630//984 1628//982 
s 4
f 1629//983 1631//985 1632//986 1630//984 
s 2
f 1631//985 1633//987 1634//988 1632//986 
s 4
f 1633//987 1635//951 1636//952 1634//988 
s 2
f 1635//951 1637//953 1638//954 1636//952 
s 4
f 1637//953 1639//989 1640//990 1638//954 
s 2
f 1639//989 1641//957 1642//958 1640//990 
s 4
f 1641//957 1643//959 1644//960 1642//958 
s 2
f 1643//959 1645//929 1646//930 1644//960 
s 4
f 1645//929 1647//866 1648//867 1646//930 
s 2
f 1647//866 1649//865 1650//868 1648//867 
s 4
f 1649//865 1651//991 1652//992 1650//868 
s 2
f 1651//991 1653//993 1654//994 1652//992 
s 4
f 1653//993 1655//995 1656//996 1654//994 
s 2
f 1655//995 1657//997 1658//998 1656//996 
s 4
f 1657//997 1595//961 1598//964 1658//998 
s 1
f 1659//999 1660//866 1661//867 1662//1000 
s 4
f 1660//866 1663//1001 1664//1002 1661//867 
s 2
f 1663//1001 1665//1003 1666//1004 1664//1002 
s 4
f 1665//1003 1667//1005 1668//1006 1666//1004 
s 2
f 1667//1005 1669//1007 1670//1008 1668//1006 
s 4
f 1669//1007 1671//1009 1672//1010 1670//1008 
s 2
f 1671//1009 1673//1011 1674//1012 1672//1010 
s 4
f 1673//1011 1675//1013 1676//1014 1674//1012 
s 2
f 1675//1013 1677//873 1678//874 1676//1014 
s 4
f 1677//873 1679//959 1680//960 1678//874 
s 2
f 1679//959 1681//929 1682//930 1680//960 
s 4
f 1681//929 1683//1015 1684//1016 1682//930 
s 2
f 1683//1015 1685//1017 1686//1018 1684//1016 
s 4
f 1685//1017 1687//1019 1688//1020 1686//1018 
s 2
f 1687//1019 1689//1021 1690//1022 1688//1020 
s 4
f 1689//1021 1659//999 1662//1000 1690//1022 
s 1
f 1691//999 1692//866 1693//867 1694//1000 
s 4
f 1692//866 1695//931 1696//932 1693//867 
s 2
f 1695//931 1697//933 1698//934 1696//932 
s 4
f 1697//933 1699//873 1700//874 1698//934 
s 2
f 1699//873 1701//935 1702//936 1700//874 
s 4
f 1701//935 1703//973 1704//974 1702//936 
s 2
f 1703//973 1705//885 1706//886 1704//974 
s 4
f 1705//885 1707//931 1708//932 1706//886 
s 2
f 1707//931 1709//1013 1710//1014 1708//932 
s 4
f 1709//1013 1711//873 1712//874 1710//1014 
s 2
f 1711//873 1713//959 1714//960 1712//874 
s 4
f 1713//959 1715//929 1716//930 1714//960 
s 2
f 1715//929 1717//866 1718//867 1716//930 
s 4
f 1717//866 1719//865 1720//868 1718//867 
s 2
f 1719//865 1721//1023 1722//1024 1720//868 
s 4
f 1721//1023 1723//1025 1724//1026 1722//1024 
s 2
f 1723//1025 1725//1021 1726//1022 1724//1026 
s 4
f 1725//1021 1691//999 1694//1000 1726//1022 
s 1
f 1727//895 1728//896 1729//897 1730//898 
s 4
f 1728//896 1731//899 1732//900 1729//897 
s 2
f 1731//899 1733//901 1734//902 1732//900 
s 4
f 1733//901 1735//1027 1736//1028 1734//902 
s 2
f 1735//1027 1737//1028 1738//1027 1736//1028 
s 4
f 1737//1028 1739//905 1740//906 1738//1027 
s 2
f 1739//905 1741//907 1742//908 1740//906 
s 4
f 1741//907 1743//1029 1744//1030 1742//908 
s 2
f 1743//1029 1745//1031 1746//1032 1744//1030 
s 4
f 1745//1031 1747//913 1748//914 1746//1032 
s 2
f 1747//913 1749//915 1750//916 1748//914 
s 4
f 1749//915 1727//895 1730//898 1750//916 
s 1
f 1751//917 1752//918 1753//919 1754//920 
s 4
f 1752//918 1755//1033 1756//1034 1753//919 
s 2
f 1755//1033 1757//1035 1758//1036 1756//1034 
s 4
f 1757//1035 1759//925 1760//926 1758//1036 
s 2
f 1759//925 1761//927 1762//928 1760//926 
s 4
f 1761//927 1751//917 1754//920 1762//928 
s 1
f 1763//929 1764//866 1765//867 1766//930 
s 4
f 1764//866 1767//1037 1768//1038 1765//867 
s 2
f 1767//1037 1769//1039 1770//1040 1768//1038 
s 4
f 1769//1039 1771//873 1772//874 1770//1040 
s 2
f 1771//873 1773//1041 1774//1042 1772//874 
s 4
f 1773//1041 1775//929 1776//930 1774//1042 
s 2
f 1775//929 1777//866 1778//867 1776//930 
s 4
f 1777//866 1779//865 1780//868 1778//867 
s 2
f 1779//865 1781//1043 1782//1044 1780//868 
s 4
f 1781//1043 1783//1045 1784//1046 1782//1044 
s 2
f 1783//1045 1785//935 1786//936 1784//1046 
s 4
f 1785//935 1787//1047 1788//1048 1786//936 
s 2
f 1787//1047 1789//1049 1790//1050 1788//1048 
s 4
f 1789//1049 1791//1051 1792//1052 1790//1050 
s 2
f 1791//1051 1793//1053 1794//1054 1792//1052 
s 4
f 1793//1053 1795//873 1796//874 1794//1054 
s 2
f 1795//873 1797//959 1798//960 1796//874 
s 4
f 1797//959 1763//929 1766//930 1798//960 
s 1
f 1799//895 1800//896 1801//897 1802//898 
s 4
f 1800//896 1803//899 1804//900 1801//897 
s 2
f 1803//899 1805//901 1806//902 1804//900 
s 4
f 1805//901 1807//903 1808//904 1806//902 
s 2
f 1807//903 1809//904 1810//903 1808//904 
s 4
f 1809//904 1811//905 1812//906 1810//903 
s 2
f 1811//905 1813//907 1814//908 1812//906 
s 4
f 1813//907 1815//1029 1816//1030 1814//908 
s 2
f 1815//1029 1817//1031 1818//1032 1816//1030 
s 4
f 1817//1031 1819//913 1820//914 1818//1032 
s 2
f 1819//913 1821//915 1822//916 1820//914 
s 4
f 1821//915 1799//895 1802//898 1822//916 
s 1
f 1823//917 1824//918 1825//919 1826//920 
s 4
f 1824//918 1827//921 1828//922 1825//919 
s 2
f 1827//921 1829//923 1830//924 1828//922 
s 4
f 1829//923 1831//1055 1832//1056 1830//924 
s 2
f 1831//1055 1833//1057 1834//1058 1832//1056 
s 4
f 1833//1057 1823//917 1826//920 1834//1058 
s 1
f 1835//1059 1836//866 1837//867 1838//1060 
s 4
f 1836//866 1839//1061 1840//1062 1837//867 
s 2
f 1839//1061 1841//1063 1842//1064 1840//1062 
s 4
f 1841//1063 1843//873 1844//874 1842//1064 
s 2
f 1843//873 1845//1065 1846//1066 1844//874 
s 4
f 1845//1065 1835//1059 1838//1060 1846//1066 
s 1
f 1847//1067 1848//866 1849//867 1850//1068 
s 4
f 1848//866 1851//931 1852//932 1849//867 
s 2
f 1851//931 1853//933 1854//934 1852//932 
s 4
f 1853//933 1855//1069 1856//1070 1854//934 
s 2
f 1855//1069 1857//1007 1858//1008 1856//1070 
s 4
f 1857//1007 1859//1009 1860//1010 1858//1008 
s 2
f 1859//1009 1861//1011 1862//1012 1860//1010 
s 4
f 1861//1011 1863//1013 1864//1014 1862//1012 
s 2
f 1863//1013 1865//873 1866//874 1864//1014 
s 4
f 1865//873 1867//959 1868//960 1866//874 
s 2
f 1867//959 1869//929 1870//930 1868//960 
s 4
f 1869//929 1871//1071 1872//1072 1870//930 
s 2
f 1871//1071 1873//1073 1874//1074 1872//1072 
s 4
f 1873//1073 1875//1075 1876//1076 1874//1074 
s 2
f 1875//1075 1877//1077 1878//1078 1876//1076 
s 4
f 1877//1077 1847//1067 1850//1068 1878//1078 
s 1
f 1879//1079 1880//1080 1881//1081 1882//1082 
s 4
f 1880//1080 1883//1083 1884//1084 1881//1081 
s 2
f 1883//1083 1885//1085 1886//1086 1884//1084 
s 4
f 1885//1085 1887//873 1888//874 1886//1086 
s 2
f 1887//873 1889//935 1890//936 1888//874 
s 4
f 1889//935 1891//873 1892//874 1890//936 
s 2
f 1891//873 1893//1041 1894//1042 1892//874 
s 4
f 1893//1041 1895//929 1896//930 1894//1042 
s 2
f 1895//929 1897//866 1898//867 1896//930 
s 4
f 1897//866 1899//887 1900//888 1898//867 
s 2
f 1899//887 1901//889 1902//890 1900//888 
s 4
f 1901//889 1879//1079 1882//1082 1902//890 
s 1
f 1903//929 1904//866 1905//867 1906//930 
s 4
f 1904//866 1907//931 1908//932 1905//867 
s 2
f 1907//931 1909//933 1910//934 1908//932 
s 4
f 1909//933 1911//873 1912//874 1910//934 
s 2
f 1911//873 1913//1087 1914//1088 1912//874 
s 4
f 1913//1087 1915//1089 1916//1090 1914//1088 
s 2
f 1915//1089 1917//1091 1918//1092 1916//1090 
s 4
f 1917//1091 1919//1093 1920//1094 1918//1092 
s 2
f 1919//1093 1921//935 1922//936 1920//1094 
s 4
f 1921//935 1923//873 1924//874 1922//936 
s 2
f 1923//873 1925//1095 1926//1096 1924//874 
s 4
f 1925//1095 1927//1097 1928//1098 1926//1096 
s 2
f 1927//1097 1929//1099 1930//1100 1928//1098 
s 4
f 1929//1099 1931//1101 1932//1102 1930//1100 
s 2
f 1931//1101 1933//935 1934//936 1932//1102 
s 4
f 1933//935 1935//873 1936//874 1934//936 
s 2
f 1935//873 1937//1041 1938//1042 1936//874 
s 4
f 1937//1041 1903//929 1906//930 1938//1042 
s 1
f 1939//865 1940//866 1941//867 1942//868 
s 4
f 1940//866 1943//879 1944//880 1941//867 
s 2
f 1943//879 1945//881 1946//882 1944//880 
s 4
f 1945//881 1947//873 1948//874 1946//882 
s 2
f 1947//873 1949//875 1950//876 1948//874 
s 4
f 1949//875 1951//877 1952//878 1950//876 
s 2
f 1951//877 1953//866 1954//867 1952//878 
s 4
f 1953//866 1955//869 1956//870 1954//867 
s 2
f 1955//869 1957//1103 1958//1104 1956//870 
s 4
f 1957//1103 1959//883 1960//884 1958//1104 
s 2
f 1959//883 1961//885 1962//886 1960//884 
s 4
f 1961//885 1963//865 1964//868 1962//886 
s 2
f 1963//865 1965//866 1966//867 1964//868 
s 4
f 1965//866 1967//887 1968//888 1966//867 
s 2
f 1967//887 1969//889 1970//890 1968//888 
s 4
f 1969//889 1971//1105 1972//1106 1970//890 
s 2
f 1971//1105 1973//1107 1974//1108 1972//1106 
s 4
f 1973//1107 1939//865 1942//868 1974//1108 
s 1
f 1975//895 1976//896 1977//897 1978//898 
s 4
f 1976//896 1979//899 1980//900 1977//897 
s 2
f 1979//899 1981//901 1982//902 1980//900 
s 4
f 1981//901 1983//903 1984//904 1982//902 
s 2
f 1983//903 1985//904 1986//903 1984//904 
s 4
f 1985//904 1987//905 1988//906 1986//903 
s 2
f 1987//905 1989//907 1990//908 1988//906 
s 4
f 1989//907 1991//1029 1992//1030 1990//908 
s 2
f 1991//1029 1993//1031 1994//1032 1992//1030 
s 4
f 1993//1031 1995//913 1996//914 1994//1032 
s 2
f 1995//913 1997//915 1998//916 1996//914 
s 4
f 1997//915 1975//895 1978//898 1998//916 
s 1
f 1999//917 2000//918 2001//919 2002//920 
s 4
f 2000//918 2003//921 2004//922 2001//919 
s 2
f 2003//921 2005//923 2006//924 2004//922 
s 4
f 2005//923 2007//1055 2008//1056 2006//924 
s 2
f 2007//1055 2009//1109 2010//1110 2008//1056 
s 4
f 2009//1109 1999//917 2002//920 2010//1110 
s 1
f 2011//1111 2012//866 2013//867 2014//1112 
s 4
f 2012//866 2015//869 2016//870 2013//867 
s 2
f 2015//869 2017//933 2018//1113 2016//870 
s 4
f 2017//933 2019//873 2020//874 2018//1113 
s 2
f 2019//873 2021//1114 2022//1115 2020//874 
s 4
f 2021//1114 2023//1111 2024//1112 2022//1115 
s 2
f 2023//1111 2025//1116 2026//1117 2024//1112 
s 4
f 2025//1116 2027//1118 2028//1119 2026//1117 
s 2
f 2027//1118 2029//935 2030//936 2028//1119 
s 4
f 2029//935 2031//873 2032//874 2030//936 
s 2
f 2031//873 2033//1114 2034//1115 2032//874 
s 4
f 2033//1114 2011//1111 2014//1112 2034//1115 
s 1
f 2035//867 2036//1023 2037//1024 2038//868 
s 4
f 2036//1023 2039//1025 2040//1026 2037//1024 
s 2
f 2039//1025 2041//935 2042//936 2040//1026 
s 4
f 2041//935 2043//1120 2044//1121 2042//936 
s 2
f 2043//1120 2045//1122 2046//1123 2044//1121 
s 4
f 2045//1122 2035//867 2038//868 2046//1123 
s 1
f 2047//929 2048//866 2049//867 2050//930 
s 4
f 2048//866 2051//931 2052//932 2049//867 
s 2
f 2051//931 2053//933 2054//934 2052//932 
s 4
f 2053//933 2055//873 2056//874 2054//934 
s 2
f 2055//873 2057//1087 2058//1088 2056//874 
s 4
f 2057//1087 2059//1124 2060//1125 2058//1088 
s 2
f 2059//1124 2061//1091 2062//1092 2060//1125 
s 4
f 2061//1091 2063//1126 2064//1127 2062//1092 
s 2
f 2063//1126 2065//935 2066//936 2064//1127 
s 4
f 2065//935 2067//873 2068//874 2066//936 
s 2
f 2067//873 2069//1095 2070//1096 2068//874 
s 4
f 2069//1095 2071//1097 2072//1098 2070//1096 
s 2
f 2071//1097 2073//1099 2074//1100 2072//1098 
s 4
f 2073//1099 2075//1101 2076//1102 2074//1100 
s 2
f 2075//1101 2077//935 2078//936 2076//1102 
s 4
f 2077//935 2079//873 2080//874 2078//936 
s 2
f 2079//873 2081//1041 2082//1042 2080//874 
s 4
f 2081//1041 2047//929 2050//930 2082//1042 
s 1
f 2083//1111 2084//866 2085//867 2086//1112 
s 4
f 2084//866 2087//1083 2088//1084 2085//867 
s 2
f 2087//1083 2089//1128 2090//1129 2088//1084 
s 4
f 2089//1128 2091//873 2092//874 2090//1129 
s 2
f 2091//873 2093//935 2094//936 2092//874 
s 4
f 2093//935 2095//873 2096//874 2094//936 
s 2
f 2095//873 2097//1114 2098//1130 2096//874 
s 4
f 2097//1114 2083//1111 2086//1112 2098//1130 
s 1
f 2099//867 2100//1116 2101//1117 2102//868 
s 4
f 2100//1116 2103//1118 2104//1119 2101//1117 
s 2
f 2103//1118 2105//874 2106//936 2104//1119 
s 4
f 2105//874 2107//1131 2108//1132 2106//936 
s 2
f 2107//1131 2109//1133 2110//1134 2108//1132 
s 4
f 2109//1133 2099//867 2102//868 2110//1134 
s 1
f 2111//999 2112//866 2113//867 2114//1000 
s 4
f 2112//866 2115//1083 2116//1084 2113//867 
s 2
f 2115//1083 2117//1128 2118//1129 2116//1084 
s 4
f 2117//1128 2119//1005 2120//1006 2118//1129 
s 2
f 2119//1005 2121//1135 2122//1136 2120//1006 
s 4
f 2121//1135 2123//1137 2124//1138 2122//1136 
s 2
f 2123//1137 2125//931 2126//932 2124//1138 
s 4
f 2125//931 2127//1013 2128//1014 2126//932 
s 2
f 2127//1013 2129//873 2130//874 2128//1014 
s 4
f 2129//873 2131//959 2132//960 2130//874 
s 2
f 2131//959 2133//929 2134//930 2132//960 
s 4
f 2133//929 2135//1071 2136//1072 2134//930 
s 2
f 2135//1071 2137//1017 2138//1018 2136//1072 
s 4
f 2137//1017 2139//1019 2140//1020 2138//1018 
s 2
f 2139//1019 2141//1021 2142//1022 2140//1020 
s 4
f 2141//1021 2111//999 2114//1000 2142//1022 
s 1
f 2143//865 2144//866 2145//867 2146//868 
s 4
f 2144//866 2147//869 2148//870 2145//867 
s 2
f 2147//869 2149//871 2150//872 2148//870 
s 4
f 2149//871 2151//873 2152//874 2150//872 
s 2
f 2151//873 2153//875 2154//876 2152//874 
s 4
f 2153//875 2155//877 2156//878 2154//876 
s 2
f 2155//877 2157//866 2158//867 2156//878 
s 4
f 2157//866 2159//869 2160//870 2158//867 
s 2
f 2159//869 2161//871 2162//872 2160//870 
s 4
f 2161//871 2163//883 2164//884 2162//872 
s 2
f 2163//883 2165//885 2166//886 2164//884 
s 4
f 2165//885 2167//865 2168//868 2166//886 
s 2
f 2167//865 2169//866 2170//867 2168//868 
s 4
f 2169//866 2171//887 2172//888 2170//867 
s 2
f 2171//887 2173//889 2174//890 2172//888 
s 4
f 2173//889 2175//1105 2176//1106 2174//890 
s 2
f 2175//1105 2177//1107 2178//1108 2176//1106 
s 4
f 2177//1107 2143//865 2146//868 2178//1108 
s 1
f 2179//1139 2180//866 2181//867 2182//1140 
s 4
f 2180//866 2183//869 2184//870 2181//867 
s 2
f 2183//869 2185//933 2186//934 2184//870 
s 4
f 2185//933 2187//873 2188//874 2186//934 
s 2
f 2187//873 2189//935 2190//873 2188//874 
s 4
f 2189//935 2191//973 2192//974 2190//873 
s 2
f 2191//973 2193//885 2194//886 2192//974 
s 4
f 2193//885 2195//1011 2196//1012 2194//886 
s 2
f 2195//1011 2197//933 2198//934 2196//1012 
s 4
f 2197//933 2199//873 2200//874 2198//934 
s 2
f 2199//873 2201//1114 2202//1115 2200//874 
s 4
f 2201//1114 2203//1111 2204//1112 2202//1115 
s 2
f 2203//1111 2205//1141 2206//1142 2204//1112 
s 4
f 2205//1141 2207//1143 2208//1144 2206//1142 
s 2
f 2207//1143 2209//1145 2210//1146 2208//1144 
s 4
f 2209//1145 2211//1147 2212//1148 2210//1146 
s 2
f 2211//1147 2213//1149 2214//1150 2212//1148 
s 4
f 2213//1149 2179//1139 2182//1140 2214//1150 
s 1
f 2215//865 2216//1151 2217//1152 2218//868 
s 4
f 2216//1151 2219//1153 2220//1154 2217//1152 
s 2
f 2219//1153 2221//1155 2222//1156 2220//1154 
s 4
f 2221//1155 2223//1157 2224//1158 2222//1156 
s 2
f 2223//1157 2225//1159 2226//1160 2224//1158 
s 4
f 2225//1159 2215//865 2218//868 2226//1160 
s 1
f 2227//1161 2228//866 2229//867 2230//1162 
s 4
f 2228//866 2231//931 2232//932 2229//867 
s 2
f 2231//931 2233//933 2234//934 2232//932 
s 4
f 2233//933 2235//873 2236//874 2234//934 
s 2
f 2235//873 2237//1087 2238//1088 2236//874 
s 4
f 2237//1087 2239//1124 2240//1125 2238//1088 
s 2
f 2239//1124 2241//1091 2242//1092 2240//1125 
s 4
f 2241//1091 2243//1126 2244//1127 2242//1092 
s 2
f 2243//1126 2245//935 2246//936 2244//1127 
s 4
f 2245//935 2247//873 2248//874 2246//936 
s 2
f 2247//873 2249//1095 2250//1096 2248//874 
s 4
f 2249//1095 2251//1097 2252//1098 2250//1096 
s 2
f 2251//1097 2253//1163 2254//1164 2252//1098 
s 4
f 2253//1163 2255//1165 2256//1166 2254//1164 
s 2
f 2255//1165 2257//935 2258//936 2256//1166 
s 4
f 2257//935 2259//873 2260//874 2258//936 
s 2
f 2259//873 2261//1041 2262//1042 2260//874 
s 4
f 2261//1041 2227//1161 2230//1162 2262//1042 
s 1
f 2263//1161 2264//866 2265//867 2266//1162 
s 4
f 2264//866 2267//1037 2268//1038 2265//867 
s 2
f 2267//1037 2269//1039 2270//1040 2268//1038 
s 4
f 2269//1039 2271//873 2272//874 2270//1040 
s 2
f 2271//873 2273//1041 2274//1042 2272//874 
s 4
f 2273//1041 2275//1161 2276//1162 2274//1042 
s 2
f 2275//1161 2277//866 2278//867 2276//1162 
s 4
f 2277//866 2279//865 2280//868 2278//867 
s 2
f 2279//865 2281//1043 2282//1044 2280//868 
s 4
f 2281//1043 2283//1045 2284//1046 2282//1044 
s 2
f 2283//1045 2285//935 2286//936 2284//1046 
s 4
f 2285//935 2287//1047 2288//1048 2286//936 
s 2
f 2287//1047 2289//1049 2290//1050 2288//1048 
s 4
f 2289//1049 2291//1051 2292//1052 2290//1050 
s 2
f 2291//1051 2293//1167 2294//1168 2292//1052 
s 4
f 2293//1167 2295//873 2296//874 2294//1168 
s 2
f 2295//873 2297//959 2298//960 2296//874 
s 4
f 2297//959 2263//1161 2266//1162 2298//960 
s 1
f 2299//999 2300//866 2301//867 2302//1000 
s 4
f 2300//866 2303//1001 2304//1002 2301//867 
s 2
f 2303//1001 2305//1169 2306//1004 2304//1002 
s 4
f 2305//1169 2307//873 2308//874 2306//1004 
s 2
f 2307//873 2309//1170 2310//1171 2308//874 
s 4
f 2309//1170 2311//1089 2312//1090 2310//1171 
s 2
f 2311//1089 2313//1116 2314//1117 2312//1090 
s 4
f 2313//1116 2315//1118 2316//1119 2314//1117 
s 2
f 2315//1118 2317//1021 2318//1022 2316//1119 
s 4
f 2317//1021 2299//999 2302//1000 2318//1022 
s 1
f 2319//867 2320//1172 2321//1173 2322//866 
s 4
f 2320//1172 2323//1118 2324//1119 2321//1173 
s 2
f 2323//1118 2325//935 2326//936 2324//1119 
s 4
f 2325//935 2327//1174 2328//1175 2326//936 
s 2
f 2327//1174 2329//1133 2330//1176 2328//1175 
s 4
f 2329//1133 2319//867 2322//866 2330//1176 
s 16
f 1475//866 1473//865 1479//889 1477//887 
f 1450//866 1449//865 1455//871 1453//869 
f 1463//866 1459//875 1467//881 1465//879 
f 1459//875 1463//866 1461//877 
f 1459//875 1457//873 1469//883 1467//881 
f 1457//873 1473//865 1471//885 1469//883 
f 1473//865 1457//873 1481//891 1479//889 
f 1457//873 1449//865 1483//893 1481//891 
f 1455//871 1449//865 1457//873 
f 1507//915 1517//925 1515//923 1485//895 
f 1515//923 1491//901 1486//896 1485//895 
f 1486//896 1491//901 1489//899 
f 1513//921 1493//903 1491//901 1515//923 
f 1505//913 1519//927 1517//925 1507//915 
f 1499//907 1497//905 1503//911 1501//909 
f 1505//913 1497//905 1509//917 1519//927 
f 1513//921 1497//905 1495//904 1493//903 
f 1510//918 1509//917 1497//905 1513//921 
f 1503//911 1497//905 1505//913 
f 1545//949 1543//947 1549//951 1547//929 
f 1557//959 1527//933 1522//866 1521//929 
f 1522//866 1527//933 1525//931 
f 1535//939 1543//947 1539//943 1537//941 
f 1539//943 1543//947 1541//945 
f 1533//937 1551//953 1543//947 1535//939 
f 1555//957 1531//935 1527//933 1557//959 
f 1543//947 1551//953 1549//951 
f 1531//935 1553//955 1551//953 1533//937 
f 1531//935 1555//957 1553//955 
f 1529//873 1527//933 1531//935 
f 1581//915 1591//925 1589//923 1559//895 
f 1589//923 1565//901 1560//896 1559//895 
f 1560//896 1565//901 1563//899 
f 1587//921 1567//903 1565//901 1589//923 
f 1579//913 1593//927 1591//925 1581//915 
f 1573//907 1571//905 1577//911 1575//909 
f 1579//913 1571//905 1583//917 1593//927 
f 1587//921 1571//905 1569//904 1567//903 
f 1584//918 1583//917 1571//905 1587//921 
f 1577//911 1571//905 1579//913 
f 1631//985 1629//983 1635//951 1633//987 
f 1596//962 1603//969 1601//967 1599//965 
f 1643//959 1649//865 1647//866 1645//929 
f 1609//885 1617//935 1613//933 1611//931 
f 1655//995 1596//962 1595//961 1657//997 
f 1653//993 1605//971 1596//962 1655//995 
f 1621//977 1629//983 1625//943 1623//979 
f 1625//943 1629//983 1627//981 
f 1619//975 1637//953 1629//983 1621//977 
f 1596//962 1605//971 1603//969 
f 1641//957 1607//973 1649//865 1643//959 
f 1629//983 1637//953 1635//951 
f 1617//935 1639//989 1637//953 1619//975 
f 1617//935 1607//973 1641//957 1639//989 
f 1653//993 1649//865 1607//973 1605//971 
f 1613//933 1617//935 1615//873 
f 1607//973 1617//935 1609//885 
f 1653//993 1651//991 1649//865 
f 1689//1021 1665//1003 1660//866 1659//999 
f 1679//959 1669//1007 1683//1015 1681//929 
f 1660//866 1665//1003 1663//1001 
f 1671//1009 1677//873 1675//1013 1673//1011 
f 1687//1019 1667//1005 1665//1003 1689//1021 
f 1687//1019 1685//1017 1669//1007 1667//1005 
f 1683//1015 1669//1007 1685//1017 
f 1677//873 1671//1009 1669//1007 1679//959 
f 1725//1021 1697//933 1692//866 1691//999 
f 1713//959 1719//865 1717//866 1715//929 
f 1692//866 1697//933 1695//931 
f 1705//885 1711//873 1709//1013 1707//931 
f 1723//1025 1701//935 1697//933 1725//1021 
f 1711//873 1703//973 1719//865 1713//959 
f 1697//933 1701//935 1699//873 
f 1723//1025 1721//1023 1703//973 1701//935 
f 1719//865 1703//973 1721//1023 
f 1711//873 1705//885 1703//973 
f 1749//915 1759//925 1757//1035 1727//895 
f 1757//1035 1733//901 1728//896 1727//895 
f 1728//896 1733//901 1731//899 
f 1755//1033 1735//1027 1733//901 1757//1035 
f 1747//913 1761//927 1759//925 1749//915 
f 1741//907 1739//905 1745//1031 1743//1029 
f 1747//913 1739//905 1751//917 1761//927 
f 1755//1033 1739//905 1737//1028 1735//1027 
f 1752//918 1751//917 1739//905 1755//1033 
f 1745//1031 1739//905 1747//913 
f 1764//866 1785//935 1769//1039 1767//1037 
f 1773//1041 1779//865 1777//866 1775//929 
f 1797//959 1787//1047 1764//866 1763//929 
f 1789//1049 1797//959 1793//1053 1791//1051 
f 1771//873 1769//1039 1779//865 1773//1041 
f 1793//1053 1797//959 1795//873 
f 1787//1047 1797//959 1789//1049 
f 1785//935 1764//866 1787//1047 
f 1783//1045 1779//865 1769//1039 1785//935 
f 1783//1045 1781//1043 1779//865 
f 1821//915 1831//1055 1829//923 1799//895 
f 1829//923 1805//901 1800//896 1799//895 
f 1800//896 1805//901 1803//899 
f 1827//921 1807//903 1805//901 1829//923 
f 1819//913 1833//1057 1831//1055 1821//915 
f 1813//907 1811//905 1817//1031 1815//1029 
f 1819//913 1811//905 1823//917 1833//1057 
f 1827//921 1811//905 1809//904 1807//903 
f 1824//918 1823//917 1811//905 1827//921 
f 1817//1031 1811//905 1819//913 
f 1836//866 1845//1065 1841//1063 1839//1061 
f 1845//1065 1836//866 1835//1059 
f 1845//1065 1843//873 1841//1063 
f 1867//959 1857//1007 1871//1071 1869//929 
f 1877//1077 1853//933 1848//866 1847//1067 
f 1859//1009 1865//873 1863//1013 1861//1011 
f 1848//866 1853//933 1851//931 
f 1875//1075 1855//1069 1853//933 1877//1077 
f 1875//1075 1873//1073 1857//1007 1855//1069 
f 1871//1071 1857//1007 1873//1073 
f 1865//873 1859//1009 1857//1007 1867//959 
f 1897//866 1893//1041 1901//889 1899//887 
f 1893//1041 1897//866 1895//929 
f 1880//1080 1887//873 1885//1085 1883//1083 
f 1893//1041 1889//935 1879//1079 1901//889 
f 1889//935 1893//1041 1891//873 
f 1887//873 1880//1080 1879//1079 1889//935 
f 1925//1095 1921//935 1929//1099 1927//1097 
f 1937//1041 1933//935 1904//866 1903//929 
f 1913//1087 1911//873 1917//1091 1915//1089 
f 1904//866 1933//935 1909//933 1907//931 
f 1933//935 1937//1041 1935//873 
f 1931//1101 1921//935 1909//933 1933//935 
f 1921//935 1925//1095 1923//873 
f 1921//935 1931//1101 1929//1099 
f 1919//1093 1911//873 1909//933 1921//935 
f 1917//1091 1911//873 1919//1093 
f 1965//866 1963//865 1969//889 1967//887 
f 1949//875 1957//1103 1953//866 1951//877 
f 1940//866 1939//865 1945//881 1943//879 
f 1953//866 1957//1103 1955//869 
f 1949//875 1947//873 1959//883 1957//1103 
f 1947//873 1963//865 1961//885 1959//883 
f 1963//865 1947//873 1971//1105 1969//889 
f 1947//873 1939//865 1973//1107 1971//1105 
f 1945//881 1939//865 1947//873 
f 1997//915 2007//1055 2005//923 1975//895 
f 2005//923 1981//901 1976//896 1975//895 
f 1976//896 1981//901 1979//899 
f 2003//921 1983//903 1981//901 2005//923 
f 1995//913 2009//1109 2007//1055 1997//915 
f 1989//907 1987//905 1993//1031 1991//1029 
f 1995//913 1987//905 1999//917 2009//1109 
f 2003//921 1987//905 1985//904 1983//903 
f 2000//918 1999//917 1987//905 2003//921 
f 1993//1031 1987//905 1995//913 
f 2039//1025 2017//933 2015//869 2012//866 
f 2012//866 2027//1118 2041//935 2039//1025 
f 2039//1025 2036//1023 2019//873 2017//933 
f 2021//1114 2043//1120 2025//1116 2023//1111 
f 2033//1114 2029//935 2012//866 2011//1111 
f 2035//867 2021//1114 2019//873 2036//1023 
f 2045//1122 2043//1120 2021//1114 2035//867 
f 2041//935 2027//1118 2025//1116 2043//1120 
f 2012//866 2029//935 2027//1118 
f 2033//1114 2031//873 2029//935 
f 2069//1095 2065//935 2073//1099 2071//1097 
f 2081//1041 2077//935 2048//866 2047//929 
f 2057//1087 2055//873 2061//1091 2059//1124 
f 2048//866 2077//935 2053//933 2051//931 
f 2077//935 2081//1041 2079//873 
f 2075//1101 2065//935 2053//933 2077//935 
f 2065//935 2069//1095 2067//873 
f 2065//935 2075//1101 2073//1099 
f 2063//1126 2055//873 2053//933 2065//935 
f 2061//1091 2055//873 2063//1126 
f 2105//874 2089//1128 2084//866 2083//1111 
f 2083//1111 2097//1114 2107//1131 2105//874 
f 2084//866 2089//1128 2087//1083 
f 2103//1118 2093//935 2089//1128 2105//874 
f 2095//873 2109//1133 2107//1131 2097//1114 
f 2095//873 2093//935 2099//867 2109//1133 
f 2093//935 2103//1118 2100//1116 2099//867 
f 2091//873 2089//1128 2093//935 
f 2141//1021 2117//1128 2112//866 2111//999 
f 2131//959 2121//1135 2135//1071 2133//929 
f 2112//866 2117//1128 2115//1083 
f 2123//1137 2129//873 2127//1013 2125//931 
f 2139//1019 2119//1005 2117//1128 2141//1021 
f 2139//1019 2137//1017 2121//1135 2119//1005 
f 2135//1071 2121//1135 2137//1017 
f 2129//873 2123//1137 2121//1135 2131//959 
f 2169//866 2167//865 2173//889 2171//887 
f 2157//866 2153//875 2161//871 2159//869 
f 2153//875 2157//866 2155//877 
f 2144//866 2143//865 2149//871 2147//869 
f 2153//875 2151//873 2163//883 2161//871 
f 2151//873 2167//865 2165//885 2163//883 
f 2167//865 2151//873 2175//1105 2173//889 
f 2151//873 2143//865 2177//1107 2175//1105 
f 2149//871 2143//865 2151//873 
f 2209//1145 2221//1155 2213//1149 2211//1147 
f 2201//1114 2207//1143 2205//1141 2203//1111 
f 2193//885 2191//973 2197//933 2195//1011 
f 2180//866 2179//1139 2185//933 2183//869 
f 2219//1153 2189//935 2185//933 2179//1139 
f 2179//1139 2213//1149 2221//1155 2219//1153 
f 2209//1145 2207//1143 2223//1157 2221//1155 
f 2207//1143 2215//865 2225//1159 2223//1157 
f 2199//873 2197//933 2207//1143 2201//1114 
f 2185//933 2189//935 2187//873 
f 2219//1153 2216//1151 2191//973 2189//935 
f 2215//865 2207//1143 2191//973 2216//1151 
f 2197//933 2191//973 2207//1143 
f 2249//1095 2245//935 2253//1163 2251//1097 
f 2261//1041 2257//935 2228//866 2227//1161 
f 2237//1087 2235//873 2241//1091 2239//1124 
f 2228//866 2257//935 2233//933 2231//931 
f 2257//935 2261//1041 2259//873 
f 2255//1165 2245//935 2233//933 2257//935 
f 2245//935 2249//1095 2247//873 
f 2245//935 2255//1165 2253//1163 
f 2243//1126 2235//873 2233//933 2245//935 
f 2241//1091 2235//873 2243//1126 
f 2264//866 2285//935 2269//1039 2267//1037 
f 2273//1041 2279//865 2277//866 2275//1161 
f 2297//959 2287//1047 2264//866 2263//1161 
f 2289//1049 2297//959 2293//1167 2291//1051 
f 2271//873 2269//1039 2279//865 2273//1041 
f 2293//1167 2297//959 2295//873 
f 2287//1047 2297//959 2289//1049 
f 2285//935 2264//866 2287//1047 
f 2283//1045 2279//865 2269//1039 2285//935 
f 2283//1045 2281//1043 2279//865 
f 2300//866 2315//1118 2325//935 2323//1118 
f 2317//1021 2315//1118 2300//866 2299//999 
f 2309//1170 2327//1174 2313//1116 2311//1089 
f 2300//866 2323//1118 2305//1169 2303//1001 
f 2323//1118 2320//1172 2307//873 2305//1169 
f 2319//867 2309//1170 2307//873 2320//1172 
f 2329//1133 2327//1174 2309//1170 2319//867 
f 2325//935 2315//1118 2313//1116 2327//1174 
f 1476//867 1478//888 1480//890 1474//868 
f 1451//867 1454//870 1456//872 1452//868 
f 1464//867 1466//880 1468//882 1460//876 
f 1460//876 1462//878 1464//867 
f 1460//876 1468//882 1470//884 1458//874 
f 1458//874 1470//884 1472//886 1474//868 
f 1474//868 1480//890 1482//892 1458//874 
f 1458//874 1482//892 1484//894 1452//868 
f 1456//872 1458//874 1452//868 
f 1508//916 1488//898 1487//897 1516//924 
f 1508//916 1516//924 1518//926 1506//914 
f 1487//897 1490//900 1492//902 1516//924 
f 1514//922 1516//924 1492//902 1494//904 
f 1500//908 1502//910 1504//912 1498//906 
f 1506//914 1518//926 1520//928 1512//920 
f 1514//922 1494//904 1496//903 1498//906 
f 1511//919 1514//922 1498//906 1512//920 
f 1506//914 1512//920 1498//906 1504//912 
f 1546//950 1548//930 1550//952 1544//948 
f 1558//960 1524//930 1523//867 1528//934 
f 1523//867 1526//932 1528//934 
f 1536//940 1538//942 1540//944 1544//948 
f 1540//944 1542//946 1544//948 
f 1534//938 1536//940 1544//948 1552//954 
f 1556//958 1558//960 1528//934 1532//936 
f 1544//948 1550//952 1552//954 
f 1532//936 1534//938 1552//954 1554//956 
f 1532//936 1554//956 1556//958 
f 1530//874 1532//936 1528//934 
f 1582//916 1562//898 1561//897 1590//924 
f 1582//916 1590//924 1592//926 1580//914 
f 1561//897 1564//900 1566//902 1590//924 
f 1588//922 1590//924 1566//902 1568//904 
f 1574//908 1576//910 1578//912 1572//906 
f 1580//914 1592//926 1594//928 1586//920 
f 1588//922 1568//904 1570//903 1572//906 
f 1585//919 1588//922 1572//906 1586//920 
f 1580//914 1586//920 1572//906 1578//912 
f 1632//986 1634//988 1636//952 1630//984 
f 1597//963 1600//966 1602//968 1604//970 
f 1644//960 1646//930 1648//867 1650//868 
f 1610//886 1612//932 1614//934 1618//936 
f 1656//996 1658//998 1598//964 1597//963 
f 1654//994 1656//996 1597//963 1606//972 
f 1622//978 1624//980 1626//944 1630//984 
f 1626//944 1628//982 1630//984 
f 1620//976 1622//978 1630//984 1638//954 
f 1597//963 1604//970 1606//972 
f 1642//958 1644//960 1650//868 1608//974 
f 1630//984 1636//952 1638//954 
f 1618//936 1620//976 1638//954 1640//990 
f 1618//936 1640//990 1642//958 1608//974 
f 1654//994 1606//972 1608//974 1650//868 
f 1614//934 1616//874 1618//936 
f 1608//974 1610//886 1618//936 
f 1654//994 1650//868 1652//992 
f 1690//1022 1662//1000 1661//867 1666//1004 
f 1680//960 1682//930 1684//1016 1670//1008 
f 1661//867 1664//1002 1666//1004 
f 1672//1010 1674//1012 1676//1014 1678//874 
f 1688//1020 1690//1022 1666//1004 1668//1006 
f 1688//1020 1668//1006 1670//1008 1686//1018 
f 1684//1016 1686//1018 1670//1008 
f 1678//874 1680//960 1670//1008 1672//1010 
f 1726//1022 1694//1000 1693//867 1698//934 
f 1714//960 1716//930 1718//867 1720//868 
f 1693//867 1696//932 1698//934 
f 1706//886 1708//932 1710//1014 1712//874 
f 1724//1026 1726//1022 1698//934 1702//936 
f 1712//874 1714//960 1720//868 1704//974 
f 1698//934 1700//874 1702//936 
f 1724//1026 1702//936 1704//974 1722//1024 
f 1720//868 1722//1024 1704//974 
f 1712//874 1704//974 1706//886 
f 1750//916 1730//898 1729//897 1758//1036 
f 1750//916 1758//1036 1760//926 1748//914 
f 1729//897 1732//900 1734//902 1758//1036 
f 1756//1034 1758//1036 1734//902 1736//1028 
f 1742//908 1744//1030 1746//1032 1740//906 
f 1748//914 1760//926 1762//928 1754//920 
f 1756//1034 1736//1028 1738//1027 1740//906 
f 1753//919 1756//1034 1740//906 1754//920 
f 1748//914 1754//920 1740//906 1746//1032 
f 1765//867 1768//1038 1770//1040 1786//936 
f 1774//1042 1776//930 1778//867 1780//868 
f 1798//960 1766//930 1765//867 1788//1048 
f 1790//1050 1792//1052 1794//1054 1798//960 
f 1772//874 1774//1042 1780//868 1770//1040 
f 1794//1054 1796//874 1798//960 
f 1788//1048 1790//1050 1798//960 
f 1786//936 1788//1048 1765//867 
f 1784//1046 1786//936 1770//1040 1780//868 
f 1784//1046 1780//868 1782//1044 
f 1822//916 1802//898 1801//897 1830//924 
f 1822//916 1830//924 1832//1056 1820//914 
f 1801//897 1804//900 1806//902 1830//924 
f 1828//922 1830//924 1806//902 1808//904 
f 1814//908 1816//1030 1818//1032 1812//906 
f 1820//914 1832//1056 1834//1058 1826//920 
f 1828//922 1808//904 1810//903 1812//906 
f 1825//919 1828//922 1812//906 1826//920 
f 1820//914 1826//920 1812//906 1818//1032 
f 1837//867 1840//1062 1842//1064 1846//1066 
f 1846//1066 1838//1060 1837//867 
f 1846//1066 1842//1064 1844//874 
f 1868//960 1870//930 1872//1072 1858//1008 
f 1878//1078 1850//1068 1849//867 1854//934 
f 1860//1010 1862//1012 1864//1014 1866//874 
f 1849//867 1852//932 1854//934 
f 1876//1076 1878//1078 1854//934 1856//1070 
f 1876//1076 1856//1070 1858//1008 1874//1074 
f 1872//1072 1874//1074 1858//1008 
f 1866//874 1868//960 1858//1008 1860//1010 
f 1898//867 1900//888 1902//890 1894//1042 
f 1894//1042 1896//930 1898//867 
f 1881//1081 1884//1084 1886//1086 1888//874 
f 1894//1042 1902//890 1882//1082 1890//936 
f 1890//936 1892//874 1894//1042 
f 1888//874 1890//936 1882//1082 1881//1081 
f 1926//1096 1928//1098 1930//1100 1922//936 
f 1938//1042 1906//930 1905//867 1934//936 
f 1914//1088 1916//1090 1918//1092 1912//874 
f 1905//867 1908//932 1910//934 1934//936 
f 1934//936 1936//874 1938//1042 
f 1932//1102 1934//936 1910//934 1922//936 
f 1922//936 1924//874 1926//1096 
f 1922//936 1930//1100 1932//1102 
f 1920//1094 1922//936 1910//934 1912//874 
f 1918//1092 1920//1094 1912//874 
f 1966//867 1968//888 1970//890 1964//868 
f 1950//876 1952//878 1954//867 1958//1104 
f 1941//867 1944//880 1946//882 1942//868 
f 1954//867 1956//870 1958//1104 
f 1950//876 1958//1104 1960//884 1948//874 
f 1948//874 1960//884 1962//886 1964//868 
f 1964//868 1970//890 1972//1106 1948//874 
f 1948//874 1972//1106 1974//1108 1942//868 
f 1946//882 1948//874 1942//868 
f 1998//916 1978//898 1977//897 2006//924 
f 1998//916 2006//924 2008//1056 1996//914 
f 1977//897 1980//900 1982//902 2006//924 
f 2004//922 2006//924 1982//902 1984//904 
f 1990//908 1992//1030 1994//1032 1988//906 
f 1996//914 2008//1056 2010//1110 2002//920 
f 2004//922 1984//904 1986//903 1988//906 
f 2001//919 2004//922 1988//906 2002//920 
f 1996//914 2002//920 1988//906 1994//1032 
f 2040//1026 2042//936 2013//867 2016//870 
f 2040//1026 2016//870 2018//1113 2020//874 
f 2022//1115 2024//1112 2026//1117 2044//1121 
f 2034//1115 2014//1112 2013//867 2030//936 
f 2037//1024 2040//1026 2020//874 2038//868 
f 2038//868 2020//874 2022//1115 2046//1123 
f 2044//1121 2046//1123 2022//1115 
f 2042//936 2044//1121 2026//1117 2028//1119 
f 2013//867 2042//936 2028//1119 2030//936 
f 2034//1115 2030//936 2032//874 
f 2070//1096 2072//1098 2074//1100 2066//936 
f 2082//1042 2050//930 2049//867 2078//936 
f 2058//1088 2060//1125 2062//1092 2056//874 
f 2049//867 2052//932 2054//934 2078//936 
f 2078//936 2080//874 2082//1042 
f 2076//1102 2078//936 2054//934 2066//936 
f 2066//936 2068//874 2070//1096 
f 2066//936 2074//1100 2076//1102 
f 2064//1127 2066//936 2054//934 2056//874 
f 2062//1092 2064//1127 2056//874 
f 2106//936 2108//1132 2086//1112 2085//867 
f 2098//1130 2086//1112 2108//1132 2096//874 
f 2085//867 2088//1084 2090//1129 2106//936 
f 2104//1119 2106//936 2090//1129 2094//936 
f 2096//874 2108//1132 2110//1134 2102//868 
f 2094//936 2096//874 2102//868 2101//1117 
f 2094//936 2101//1117 2104//1119 
f 2092//874 2094//936 2090//1129 
f 2142//1022 2114//1000 2113//867 2118//1129 
f 2132//960 2134//930 2136//1072 2122//1136 
f 2113//867 2116//1084 2118//1129 
f 2124//1138 2126//932 2128//1014 2130//874 
f 2140//1020 2142//1022 2118//1129 2120//1006 
f 2140//1020 2120//1006 2122//1136 2138//1018 
f 2136//1072 2138//1018 2122//1136 
f 2130//874 2132//960 2122//1136 2124//1138 
f 2170//867 2172//888 2174//890 2168//868 
f 2158//867 2160//870 2162//872 2154//876 
f 2154//876 2156//878 2158//867 
f 2145//867 2148//870 2150//872 2146//868 
f 2154//876 2162//872 2164//884 2152//874 
f 2152//874 2164//884 2166//886 2168//868 
f 2168//868 2174//890 2176//1106 2152//874 
f 2152//874 2176//1106 2178//1108 2146//868 
f 2150//872 2152//874 2146//868 
f 2210//1146 2212//1148 2214//1150 2222//1156 
f 2202//1115 2204//1112 2206//1142 2208//1144 
f 2194//886 2196//1012 2198//934 2192//974 
f 2181//867 2184//870 2186//934 2182//1140 
f 2220//1154 2222//1156 2182//1140 2186//934 
f 2214//1150 2182//1140 2222//1156 
f 2210//1146 2222//1156 2224//1158 2208//1144 
f 2208//1144 2224//1158 2226//1160 2218//868 
f 2200//874 2202//1115 2208//1144 2198//934 
f 2186//934 2188//874 2190//873 2220//1154 
f 2220//1154 2190//873 2192//974 2217//1152 
f 2218//868 2217//1152 2192//974 2208//1144 
f 2198//934 2208//1144 2192//974 
f 2250//1096 2252//1098 2254//1164 2246//936 
f 2262//1042 2230//1162 2229//867 2258//936 
f 2238//1088 2240//1125 2242//1092 2236//874 
f 2229//867 2232//932 2234//934 2258//936 
f 2258//936 2260//874 2262//1042 
f 2256//1166 2258//936 2234//934 2246//936 
f 2246//936 2248//874 2250//1096 
f 2246//936 2254//1164 2256//1166 
f 2244//1127 2246//936 2234//934 2236//874 
f 2242//1092 2244//1127 2236//874 
f 2265//867 2268//1038 2270//1040 2286//936 
f 2274//1042 2276//1162 2278//867 2280//868 
f 2298//960 2266//1162 2265//867 2288//1048 
f 2290//1050 2292//1052 2294//1168 2298//960 
f 2272//874 2274//1042 2280//868 2270//1040 
f 2294//1168 2296//874 2298//960 
f 2288//1048 2290//1050 2298//960 
f 2286//936 2288//1048 2265//867 
f 2284//1046 2286//936 2270//1040 2280//868 
f 2284//1046 2280//868 2282//1044 
f 2301//867 2306//1004 2324//1119 2326//936 
f 2318//1022 2302//1000 2301//867 2316//1119 
f 2310//1171 2312//1090 2314//1117 2328//1175 
f 2301//867 2304//1002 2306//1004 
f 2324//1119 2306//1004 2308//874 2321//1173 
f 2322//866 2321//1173 2308//874 2310//1171 
f 2330//1176 2322//866 2310//1171 2328//1175 
f 2326//936 2328//1175 2314//1117 2316//1119 
f 2301//867 2326//936 2316//1119 
# 787 polygons - 126 triangles

#
# object Rectangle223119
#

v  2672.7471 2605.7285 -1538.6240
v  2672.7471 2605.7285 -1570.6240
v  2669.7471 2605.7285 -1570.6240
v  2669.7471 2605.7285 -1538.6240
v  2672.7471 2455.7285 -1570.6240
v  2669.7471 2455.7285 -1570.6240
v  2672.7471 2455.7285 -1538.6240
v  2669.7471 2455.7285 -1538.6240
# 8 vertices

vn 0.5774 0.5774 0.5774
vn 0.5774 0.5774 -0.5774
vn -0.5774 0.5774 -0.5774
vn -0.5774 0.5774 0.5774
vn 0.5774 -0.5774 -0.5774
vn -0.5774 -0.5774 -0.5774
vn 0.5774 -0.5774 0.5774
vn -0.5774 -0.5774 0.5774
# 8 vertex normals

o Rectangle223119
g Rectangle223119
usemtl wire_184228153
s 1
f 2331//1177 2332//1178 2333//1179 2334//1180 
s 4
f 2332//1178 2335//1181 2336//1182 2333//1179 
s 2
f 2335//1181 2337//1183 2338//1184 2336//1182 
s 4
f 2337//1183 2331//1177 2334//1180 2338//1184 
s 16
f 2335//1181 2332//1178 2331//1177 2337//1183 
f 2336//1182 2338//1184 2334//1180 2333//1179 
# 6 polygons

#
# object Rectangle223120
#

v  2672.7471 2605.7285 -1491.6240
v  2672.7471 2605.7285 -1523.6240
v  2669.7471 2605.7285 -1523.6240
v  2669.7471 2605.7285 -1491.6240
v  2672.7471 2455.7285 -1523.6240
v  2669.7471 2455.7285 -1523.6240
v  2672.7471 2455.7285 -1491.6240
v  2669.7471 2455.7285 -1491.6240
# 8 vertices

vn 0.5774 0.5774 0.5774
vn 0.5774 0.5774 -0.5774
vn -0.5774 0.5774 -0.5774
vn -0.5774 0.5774 0.5774
vn 0.5774 -0.5774 -0.5774
vn -0.5774 -0.5774 -0.5774
vn 0.5774 -0.5774 0.5774
vn -0.5774 -0.5774 0.5774
# 8 vertex normals

o Rectangle223120
g Rectangle223120
usemtl wire_184228153
s 1
f 2339//1185 2340//1186 2341//1187 2342//1188 
s 4
f 2340//1186 2343//1189 2344//1190 2341//1187 
s 2
f 2343//1189 2345//1191 2346//1192 2344//1190 
s 4
f 2345//1191 2339//1185 2342//1188 2346//1192 
s 16
f 2343//1189 2340//1186 2339//1185 2345//1191 
f 2344//1190 2346//1192 2342//1188 2341//1187 
# 6 polygons

#
# object Rectangle223121
#

v  2672.7471 2605.7285 -1585.6240
v  2672.7471 2605.7285 -1617.6240
v  2669.7471 2605.7285 -1617.6240
v  2669.7471 2605.7285 -1585.6240
v  2672.7471 2455.7285 -1617.6240
v  2669.7471 2455.7285 -1617.6240
v  2672.7471 2455.7285 -1585.6240
v  2669.7471 2455.7285 -1585.6240
# 8 vertices

vn 0.5774 0.5774 0.5774
vn 0.5774 0.5774 -0.5774
vn -0.5774 0.5774 -0.5774
vn -0.5774 0.5774 0.5774
vn 0.5774 -0.5774 -0.5774
vn -0.5774 -0.5774 -0.5774
vn 0.5774 -0.5774 0.5774
vn -0.5774 -0.5774 0.5774
# 8 vertex normals

o Rectangle223121
g Rectangle223121
usemtl wire_184228153
s 1
f 2347//1193 2348//1194 2349//1195 2350//1196 
s 4
f 2348//1194 2351//1197 2352//1198 2349//1195 
s 2
f 2351//1197 2353//1199 2354//1200 2352//1198 
s 4
f 2353//1199 2347//1193 2350//1196 2354//1200 
s 16
f 2351//1197 2348//1194 2347//1193 2353//1199 
f 2352//1198 2354//1200 2350//1196 2349//1195 
# 6 polygons

#
# object Object002
#

v  2802.7734 2130.0000 628.1270
v  2672.7578 2130.0000 628.1270
v  2672.7578 2130.0000 369.4294
v  2672.7578 2130.0000 -2548.7871
v  2802.7734 2130.0000 -2548.7871
v  2672.7578 0.0000 -2548.7871
v  2802.7734 0.0000 -2548.7871
v  2802.7734 0.0000 628.1270
v  2672.7578 0.0000 628.1270
v  2802.7734 0.0000 -4208.8613
v  2802.7734 3420.0000 -4208.8613
v  2802.7734 3420.0000 1303.1270
v  2802.7734 0.0000 1303.1270
v  2672.7578 0.0000 -4249.0869
v  2672.7578 0.0000 1313.2373
v  2672.7578 3420.0000 1313.2373
v  2672.7578 3420.0000 369.4294
v  2672.7578 3420.0000 -4249.0869
# 18 vertices

vn -0.5774 -0.5774 -0.5774
vn 0.5774 -0.5774 -0.5774
vn -0.7071 -0.7071 -0.0000
vn 0.5774 -0.5774 0.5774
vn -0.5774 -0.5774 0.5774
vn 0.6470 -0.5948 -0.4771
vn 0.6470 0.5948 -0.4771
vn 0.5971 0.5815 0.5525
vn 0.5971 -0.5815 0.5525
vn -0.4904 -0.5632 -0.6651
vn -0.5564 -0.5734 0.6014
vn -0.5564 0.5734 0.6014
vn -0.7071 0.7071 -0.0000
vn -0.4904 0.5632 -0.6651
# 14 vertex normals

vt 0.0000 0.0000 0.0000
vt 1.0000 0.0000 0.0000
vt 1.0000 0.0814 0.0000
vt 1.0000 1.0000 0.0000
vt 0.0000 1.0000 0.0000
vt 0.1225 0.0000 0.0000
vt 0.1225 0.6228 0.0000
vt 0.6988 0.6228 0.0000
vt 0.6988 0.0000 0.0000
vt 0.0000 0.9763 0.0000
vt -1.1622 -0.0000 -1.1622
vt 1.0000 0.0000 1.0000
vt 1.0000 1.0000 1.0000
vt -1.1622 1.0000 -1.1622
vt 0.8768 0.0000 0.0000
vt 0.8303 1.0000 0.0000
vt 0.8303 0.6228 0.0000
vt 0.8768 0.6228 0.0000
vt 0.0000 0.0000 1.0000
vt 0.0000 1.0000 1.0000
vt 0.0000 0.0148 0.0000
vt 1.0000 0.0018 0.0000
vt 1.0000 0.9928 0.0000
vt 0.0000 0.1697 0.0000
vt 0.3057 0.0000 0.0000
vt 0.3057 0.6228 0.0000
# 26 texture coords

o Object002
g Object002
usemtl wire_000000000
s 1
f 2355/41/1201 2356/42/1202 2357/43/1203 2358/44/1204 2359/45/1205 
s 2
f 2359/44/1205 2358/45/1204 2360/41/1205 2361/42/1204 
f 2362/41/1202 2363/42/1201 2356/44/1202 2355/45/1201 
s 4
f 2362/46/1202 2355/47/1201 2359/48/1205 2361/49/1204 2364/42/1206 2365/44/1207 2366/45/1208 2367/41/1209 
s 1
f 2361/41/1204 2360/42/1205 2368/44/1210 2364/50/1206 
f 2369/51/1211 2367/52/1209 2366/53/1208 2370/54/1212 
s 4
f 2363/55/1201 2369/42/1211 2370/44/1212 2371/56/1213 2357/57/1203 2356/58/1202 
s 2
f 2364/59/1206 2368/42/1210 2372/44/1214 2365/60/1207 
s 8
f 2369/42/1211 2363/44/1201 2362/45/1202 2367/61/1209 
f 2366/62/1208 2365/63/1207 2372/45/1214 2371/64/1213 2370/41/1212 
s 4
f 2371/56/1213 2372/45/1214 2368/41/1210 2360/65/1205 2358/66/1204 2357/57/1203 
# 11 polygons

